CodCircolo,NomeCircolo,Regione,Tess2017,Eta2017,Tess2025,Eta2025,Gare2025,Variazione,VariazionePct,Status
C0017,AVELLINO BRIDGE,Campania,4.0,25.5,0.0,,,-4.0,-100.0,Critico
C0022,,,0.0,,4.0,18.25,1.5,4.0,,
C0024,,,0.0,,2.0,12.5,10.5,2.0,,
C0026,BERGAMASCA BRIDGE,Lombardia,1.0,26.0,1.0,22.0,21.0,0.0,0.0,Stabile
C0028,C.LO BIELLESE BRIDGE,Piemonte,1.0,25.0,0.0,,,-1.0,-100.0,Critico
C0030,BRIDGE BOLOGNA,Emilia-Romagna,6.0,30.5,0.0,,,-6.0,-100.0,Critico
C0038,BRESCIA BRIDGE,Lombardia,11.0,30.181818181818183,0.0,,,-11.0,-100.0,Critico
C0050,BRIDGE CARRARA,Toscana,1.0,28.0,0.0,,,-1.0,-100.0,Critico
C0079,,,0.0,,1.0,25.0,8.0,1.0,,
C0080,,,0.0,,3.0,17.333333333333332,4.0,3.0,,
C0102,BRIDGE FORLI',Emilia-Romagna,1.0,34.0,2.0,11.0,22.5,1.0,100.0,Eccellente
C0127,BRIDGE LATINA,Lazio,9.0,26.666666666666668,0.0,,,-9.0,-100.0,Critico
C0158,,,0.0,,2.0,20.0,3.0,2.0,,
C0162,MONZA BRIDGE,Lombardia,1.0,31.0,1.0,25.0,89.0,0.0,0.0,Stabile
C0168,,,0.0,,5.0,19.4,3.2,5.0,,
C0174,PADOVA BRIDGE,Veneto,2.0,32.5,0.0,,,-2.0,-100.0,Critico
C0178,,,0.0,,4.0,18.75,25.5,4.0,,
C0202,BRIDGE PISTOIA,Toscana,1.0,23.0,1.0,23.0,15.0,0.0,0.0,Stabile
C0214,C.BRIDGE N.DITTO  RC,Calabria,8.0,27.75,0.0,,,-8.0,-100.0,Critico
C0217,ASS.RIMINI BRIDGE,Emilia-Romagna,2.0,21.0,14.0,14.142857142857142,2.7142857142857144,12.0,600.0,Eccellente
C0224,C.LO BRIDGE SALERNO,Campania,1.0,22.0,0.0,,,-1.0,-100.0,Critico
C0229,BRIDGE BOLOGNA RASTIGNANO,Emilia-Romagna,1.0,25.0,0.0,,,-1.0,-100.0,Critico
C0244,BRIDGE SENIGALLIA,Marche,2.0,21.5,0.0,,,-2.0,-100.0,Critico
C0266,,,0.0,,4.0,17.5,10.25,4.0,,
C0282,,,0.0,,1.0,25.0,1.0,1.0,,
C0322,,,0.0,,9.0,15.666666666666666,2.5555555555555554,9.0,,
C0326,A.S.D. SPORTING CLUB MILANO  2,Lombardia,1.0,30.0,0.0,,,-1.0,-100.0,Critico
C0333,VERSILIA BRIDGE AND GAMES,Toscana,1.0,26.0,0.0,,,-1.0,-100.0,Critico
C0376,BRIDGE PARTENOPE,Campania,1.0,29.0,0.0,,,-1.0,-100.0,Critico
C0409,,,0.0,,2.0,19.0,1.5,2.0,,
C0429,APSD C.MAGISTRATI C.C.,Lazio,3.0,30.5,0.0,,,-3.0,-100.0,Critico
C0430,IDEA BRIDGE TORINO,Piemonte,4.0,29.5,0.0,,,-4.0,-100.0,Critico
C0444,,,0.0,,2.0,12.5,2.5,2.0,,
C0447,BRIDGE EUR  S.S.D. A R.L.,Lazio,2.0,24.0,0.0,,,-2.0,-100.0,Critico
C0449,,,0.0,,1.0,24.0,2.0,1.0,,
C0466,BRIDGE ICHNOS,Sardegna,1.0,23.0,0.0,,,-1.0,-100.0,Critico
C0503,BRIDGE INSTITUTE 2000,Lombardia,1.0,32.0,4.0,18.75,1.75,3.0,300.0,Eccellente
C0504,BRIDGE JESI,Marche,1.0,24.0,0.0,,,-1.0,-100.0,Critico
C0539,NUOVO BRIDGE INSIEME,Lazio,2.0,29.0,0.0,,,-2.0,-100.0,Critico
C0546,CIRCOLO DEL BRIDGE FI,Toscana,2.0,31.0,1.0,0.0,5.0,-1.0,-50.0,Critico
C0559,,,0.0,,1.0,18.0,8.0,1.0,,
C0577,BRIDGE 3A S.S.D. A R.L.,Lazio,1.0,27.0,0.0,,,-1.0,-100.0,Critico
C0595,,,0.0,,2.0,23.0,4.5,2.0,,
C0596,VIAREGGIO VERSILIA BR. A.S.D.,Toscana,2.0,31.5,0.0,,,-2.0,-100.0,Critico
C0624,,,0.0,,4.0,19.5,12.0,4.0,,
C0644,ACCADEMIA DEL BRIDGE,Lazio,1.0,26.0,0.0,,,-1.0,-100.0,Critico
C0674,ALESSANDRIA BRIDGE A.S.D.,Piemonte,3.0,29.666666666666668,1.0,22.0,2.0,-2.0,-66.7,Critico
C0680,,,0.0,,10.0,17.8,3.1,10.0,,
C0695,,,0.0,,10.0,17.7,7.1,10.0,,
C0719,IL BRIDGE,Lombardia,5.0,29.6,8.0,21.0,4.125,3.0,60.0,Eccellente
C0722,ETNA BRIDGE SSD A R.L.,Sicilia,7.0,22.857142857142858,4.0,11.5,2.25,-3.0,-42.9,Critico
C0726,APD TENNIS CLUB PRESIDENT,Emilia-Romagna,1.0,29.0,0.0,,,-1.0,-100.0,Critico
C0729,ARCADIA BENBRIDGE SSD A R.L.,Lazio,2.0,25.5,0.0,,,-2.0,-100.0,Critico
C0734,CIRCOLO TEVERE BRIDGE A.S.D.,Lazio,2.0,31.0,20.0,16.95,1.9,18.0,900.0,Eccellente
C0741,NUOVO TUSCOLO SP.CL.SSD A RL,Lazio,1.0,33.0,0.0,,,-1.0,-100.0,Critico
C0766,,,0.0,,13.0,11.76923076923077,20.615384615384617,13.0,,
C0769,,,0.0,,1.0,22.0,2.0,1.0,,
C0787,,,0.0,,1.0,23.0,3.0,1.0,,
C0807,,,0.0,,1.0,23.0,13.0,1.0,,
C0810,,,0.0,,1.0,22.0,3.0,1.0,,
C1601,CIRCOLO BRIDGE CATANIA,Sicilia,1.0,28.0,0.0,,,-1.0,-100.0,Critico
F0002,ABBADIA S.SALVATORE,Toscana,12.0,67.63636363636364,0.0,,,-12.0,-100.0,Critico
F0004,BRIDGE CLUB ALASSIO,Liguria,63.0,80.96825396825396,28.0,74.64285714285714,74.5,-35.0,-55.6,Critico
F0008,CHIMERA BRIDGE AREZZO,Toscana,8.0,80.5,0.0,,,-8.0,-100.0,Critico
F0011,BRIDGE VILLASANTA,Lombardia,88.0,81.48863636363636,0.0,,,-88.0,-100.0,Critico
F0017,AVELLINO BRIDGE,Campania,17.0,74.88235294117646,6.0,68.16666666666667,16.166666666666668,-11.0,-64.7,Critico
F0020,BRIDGE BARI,Puglia,82.0,74.65432098765432,0.0,,,-82.0,-100.0,Critico
F0022,BASSANO BRIDGE,Veneto,32.0,82.65625,6.0,76.83333333333333,4.166666666666667,-26.0,-81.2,Critico
F0023,BELLUNO BRIDGE,Veneto,14.0,78.5,7.0,68.28571428571429,2.857142857142857,-7.0,-50.0,Critico
F0024,BAVENO BRIDGE CLUB,Piemonte,53.0,76.90566037735849,54.0,74.55555555555556,73.0925925925926,1.0,1.9,Stabile
F0026,BERGAMASCA BRIDGE,Lombardia,128.0,76.125,82.0,69.3780487804878,49.47560975609756,-46.0,-35.9,Critico
F0028,C.LO BIELLESE BRIDGE,Piemonte,70.0,77.08571428571429,62.0,73.61290322580645,58.46774193548387,-8.0,-11.4,In Declino
F0030,BRIDGE BOLOGNA,Emilia-Romagna,279.0,73.63669064748201,157.0,71.4267515923567,76.63694267515923,-122.0,-43.7,Critico
F0032,ASS.BR.BOLZANO,TRB,37.0,75.56756756756756,23.0,73.3913043478261,20.0,-14.0,-37.8,Critico
F0034,BRIDGE BORDIGHERA,Liguria,58.0,72.45614035087719,61.0,73.04918032786885,72.09836065573771,3.0,5.2,Stabile
F0038,BRESCIA BRIDGE,Lombardia,98.0,74.88888888888889,87.0,73.50574712643679,54.41379310344828,-11.0,-11.2,In Declino
F0039,BRIDGE BRINDISI,Puglia,48.0,77.83333333333333,17.0,73.6470588235294,3.3529411764705883,-31.0,-64.6,Critico
F0044,BRIDGE CAGLIARI,Sardegna,45.0,78.88888888888889,42.0,76.52380952380952,86.4047619047619,-3.0,-6.7,Stabile
F0047,BRIDGE CAIRO MONTENOTTE,Liguria,15.0,71.13333333333334,0.0,,,-15.0,-100.0,Critico
F0050,BRIDGE CARRARA,Toscana,48.0,72.83333333333333,45.0,73.37777777777778,55.0,-3.0,-6.2,Stabile
F0051,ASD GOLF CLUB CARIMATE,Lombardia,13.0,85.38461538461539,0.0,,,-13.0,-100.0,Critico
F0054,BRIDGE CLUB CASERTA,Campania,14.0,76.57142857142857,0.0,,,-14.0,-100.0,Critico
F0055,BRIDGE LA MARTESANA,Lombardia,59.0,81.69491525423729,47.0,78.19148936170212,20.02127659574468,-12.0,-20.3,In Declino
F0058,BRIDGE CATANIA,Sicilia,51.0,71.3529411764706,72.0,69.54166666666667,98.13888888888889,21.0,41.2,Eccellente
F0059,BRIDGE CATANZARO,Calabria,74.0,77.25675675675676,51.0,72.88235294117646,46.68627450980392,-23.0,-31.1,Critico
F0060,BRIDGE CAVA,Campania,12.0,78.41666666666667,0.0,,,-12.0,-100.0,Critico
F0061,BR.MONFORTE CAMPOBASSO,Molise,25.0,78.57142857142857,2.0,73.5,10.5,-23.0,-92.0,Critico
F0066,BRIDGE CESENA,Emilia-Romagna,36.0,71.19444444444444,46.0,69.82608695652173,67.06521739130434,10.0,27.8,In Crescita
F0070,BRIDGE CHIAVARI,Liguria,66.0,74.37878787878788,62.0,72.03225806451613,43.32258064516129,-4.0,-6.1,Stabile
F0071,CHIANCIANO-CHIUSI D.,Toscana,4.0,89.25,0.0,,,-4.0,-100.0,Critico
F0072,CHIETI BRIDGE,Abruzzo,8.0,79.5,0.0,,,-8.0,-100.0,Critico
F0073,QUADRI LIVORNO,Toscana,36.0,73.27777777777777,0.0,,,-36.0,-100.0,Critico
F0074,"ASS.BRIDGE ""CIRCOLO UNIONE""",Lazio,10.0,74.4,27.0,75.66666666666667,57.925925925925924,17.0,170.0,Eccellente
F0079,BRIDGE CREMA,Lombardia,46.0,76.8913043478261,17.0,63.05882352941177,26.470588235294116,-29.0,-63.0,Critico
F0080,BRIDGE CREMONA,Lombardia,47.0,73.59574468085107,45.0,70.77777777777777,18.177777777777777,-2.0,-4.3,Stabile
F0082,PROVINCIA GRANDA,Piemonte,16.0,74.3125,8.0,71.125,22.5,-8.0,-50.0,Critico
F0088,EMPOLI BRIDGE,Toscana,62.0,75.40322580645162,62.0,70.2258064516129,37.95161290322581,0.0,0.0,Stabile
F0090,ESTE BRIDGE,Veneto,38.0,79.76315789473684,32.0,77.5625,27.5625,-6.0,-15.8,In Declino
F0091,BRIDGE FASANO,Puglia,31.0,74.58064516129032,30.0,71.03333333333333,38.0,-1.0,-3.2,Stabile
F0095,BR.FERMO-P.TO S.GIORGIO,Marche,16.0,70.625,8.0,62.75,7.25,-8.0,-50.0,Critico
F0099,BRIDGE FOGGIA,Puglia,6.0,81.0,0.0,,,-6.0,-100.0,Critico
F0100,BRIDGE FOLIGNO,Umbria,15.0,70.13333333333334,11.0,73.36363636363636,42.09090909090909,-4.0,-26.7,In Declino
F0102,BRIDGE FORLI',Emilia-Romagna,133.0,75.57894736842105,98.0,71.24489795918367,62.234693877551024,-35.0,-26.3,In Declino
F0107,BRIDGE CASTELLI ROMANI,Lazio,50.0,81.06122448979592,0.0,,,-50.0,-100.0,Critico
F0112,ASD POLISPORTIVA GRIFONE,Toscana,59.0,74.17241379310344,45.0,73.37777777777778,37.666666666666664,-14.0,-23.7,In Declino
F0114,BR.SERSANTI-IMOLA,Emilia-Romagna,7.0,80.0,32.0,74.3125,16.0625,25.0,357.1,Eccellente
F0116,BRIDGE IMPERIA,Liguria,17.0,78.47058823529412,14.0,75.28571428571429,23.0,-3.0,-17.6,In Declino
F0120,BRIDGE IVREA,Piemonte,44.0,75.11363636363636,54.0,72.92592592592592,36.75925925925926,10.0,22.7,In Crescita
F0126,SPEZIA BRIDGE,Liguria,71.0,80.5,29.0,78.41379310344827,23.93103448275862,-42.0,-59.2,Critico
F0127,BRIDGE LATINA,Lazio,45.0,74.55555555555556,78.0,68.57692307692308,46.205128205128204,33.0,73.3,Eccellente
F0128,BRIDGE LECCE,Puglia,56.0,77.33928571428571,44.0,73.75,28.40909090909091,-12.0,-21.4,In Declino
F0129,BR.LAVENO MOMBELLO,Lombardia,35.0,76.6,18.0,73.38888888888889,51.611111111111114,-17.0,-48.6,Critico
F0130,BRIDGE LECCO,Lombardia,50.0,80.1,0.0,,,-50.0,-100.0,Critico
F0132,BRIDGE LEGNANO,Lombardia,111.0,78.1981981981982,74.0,72.32432432432432,55.67567567567568,-37.0,-33.3,Critico
F0135,CLUB 90 LAVENO,Lombardia,25.0,74.58333333333333,7.0,74.14285714285714,24.142857142857142,-18.0,-72.0,Critico
F0136,S.STANZE CIVICHE,Toscana,10.0,75.3,126.0,73.56349206349206,71.83333333333333,116.0,1160.0,Eccellente
F0140,FANFULLA BRIDGE,Lombardia,35.0,73.77142857142857,8.0,73.5,46.0,-27.0,-77.1,Critico
F0141,BRIDGE LUCCA,Toscana,89.0,74.17977528089888,84.0,71.6547619047619,64.02380952380952,-5.0,-5.6,Stabile
F0142,BR.FILARMONICA MACERATA,Marche,26.0,75.8076923076923,18.0,69.5,22.11111111111111,-8.0,-30.8,Critico
F0143,BRIDGE MAGLIE,Puglia,25.0,72.4,28.0,68.17857142857143,40.892857142857146,3.0,12.0,In Crescita
F0144,MINCIO BRIDGE MANTOVA,Lombardia,40.0,74.925,20.0,75.45,31.8,-20.0,-50.0,Critico
F0146,B.CLUB MASSALOMBARDA,Emilia-Romagna,15.0,80.0,0.0,,,-15.0,-100.0,Critico
F0149,C.LO BRIDGE MESTRE,Veneto,102.0,81.91176470588235,83.0,76.33734939759036,69.6987951807229,-19.0,-18.6,In Declino
F0150,BRIDGE MESSINA,Sicilia,31.0,73.41935483870968,35.0,71.02857142857142,70.82857142857142,4.0,12.9,In Crescita
F0152,MILANO BRIDGE,Lombardia,117.0,85.2,0.0,,,-117.0,-100.0,Critico
F0157,C.LO BR.MONFALCONE,Friuli-Venezia Giulia,3.0,87.66666666666667,0.0,,,-3.0,-100.0,Critico
F0158,"BR.MODENA ""C.LO PERROUX""",Emilia-Romagna,107.0,78.05607476635514,114.0,75.30701754385964,40.46491228070175,7.0,6.5,Stabile
F0160,BRIDGE MONTECATINI,Toscana,29.0,77.13793103448276,27.0,68.85185185185185,42.629629629629626,-2.0,-6.9,Stabile
F0162,MONZA BRIDGE,Lombardia,112.0,68.97272727272727,140.0,67.97142857142858,48.6,28.0,25.0,In Crescita
F0168,C.LO BRIDGE NOVARA,Piemonte,40.0,75.5,52.0,68.3076923076923,42.48076923076923,12.0,30.0,In Crescita
F0170,CIRCOLO BRIDGE ORISTANO,Sardegna,43.0,74.86046511627907,31.0,70.93548387096774,44.38709677419355,-12.0,-27.9,In Declino
F0172,BRIDGE OSIMO,Marche,30.0,83.66666666666667,0.0,,,-30.0,-100.0,Critico
F0173,BRIDGE ODERZO,Veneto,6.0,68.66666666666667,9.0,69.66666666666667,31.0,3.0,50.0,Eccellente
F0174,PADOVA BRIDGE,Veneto,132.0,76.6,117.0,73.21367521367522,83.11965811965813,-15.0,-11.4,In Declino
F0178,ASS.BR.PALERMO,Sicilia,90.0,81.04444444444445,89.0,73.78651685393258,110.20224719101124,-1.0,-1.1,Stabile
F0190,PESCARA BRIDGE,Abruzzo,69.0,71.91304347826087,72.0,70.11111111111111,47.638888888888886,3.0,4.3,Stabile
F0196,BRIDGE PINEROLO,Piemonte,61.0,77.88524590163935,68.0,74.51470588235294,53.8235294117647,7.0,11.5,In Crescita
F0198,A.S.GIOCO BRIDGE ETRURIA,Toscana,18.0,70.5,0.0,,,-18.0,-100.0,Critico
F0200,ASS.BRIDGE PISA,Toscana,46.0,75.13333333333334,79.0,69.41772151898734,38.51898734177215,33.0,71.7,Eccellente
F0202,BRIDGE PISTOIA,Toscana,52.0,71.3076923076923,60.0,68.11666666666666,45.36666666666667,8.0,15.4,In Crescita
F0204,VALDELSA SIENA NORD,Toscana,21.0,78.28571428571429,31.0,78.64516129032258,34.74193548387097,10.0,47.6,Eccellente
F0209,BRIDGE PORDENONE,Friuli-Venezia Giulia,74.0,76.37837837837837,0.0,,,-74.0,-100.0,Critico
F0210,BRIDGE CLUB PRATO,Toscana,28.0,78.89285714285714,29.0,74.58620689655173,29.03448275862069,1.0,3.6,Stabile
F0213,RECANATI BRIDGE,Marche,31.0,72.16129032258064,36.0,69.83333333333333,34.44444444444444,5.0,16.1,In Crescita
F0214,C.BRIDGE N.DITTO  RC,Calabria,51.0,72.04,40.0,67.425,44.975,-11.0,-21.6,In Declino
F0215,BRIDGE RICCIONE,Emilia-Romagna,23.0,74.8695652173913,21.0,70.80952380952381,45.714285714285715,-2.0,-8.7,Stabile
F0216,BRIDGE REGGIO EMILIA,Emilia-Romagna,23.0,62.91304347826087,20.0,66.05,50.5,-3.0,-13.0,In Declino
F0217,ASS.RIMINI BRIDGE,Emilia-Romagna,90.0,72.18888888888888,80.0,69.2375,38.925,-10.0,-11.1,In Declino
F0219,AMICI DEL BRIDGE RI,Lazio,20.0,79.7,20.0,78.05,22.55,0.0,0.0,Stabile
F0220,GS.ROVERETO BRIDGE,TRT,35.0,77.6,44.0,76.97727272727273,22.068181818181817,9.0,25.7,In Crescita
F0223,BRIDGE CLUB LA VALLEE  ASD,VAO,39.0,76.25641025641026,29.0,72.48275862068965,57.13793103448276,-10.0,-25.6,In Declino
F0224,C.LO BRIDGE SALERNO,Campania,51.0,76.17647058823529,48.0,71.6875,38.229166666666664,-3.0,-5.9,Stabile
F0229,BRIDGE BOLOGNA RASTIGNANO,Emilia-Romagna,135.0,76.24444444444444,88.0,69.8409090909091,57.86363636363637,-47.0,-34.8,Critico
F0232,C.BR.S.DONA' DI PIAVE,Veneto,16.0,83.8125,12.0,76.5,24.083333333333332,-4.0,-25.0,In Declino
F0233,A.B.S.GIORGIO SANNIO,Campania,13.0,75.53846153846153,13.0,72.3076923076923,10.846153846153847,0.0,0.0,Stabile
F0234,BRIDGE SASSARI,Sardegna,67.0,79.23880597014926,43.0,74.62790697674419,37.372093023255815,-24.0,-35.8,Critico
F0236,CARLOSTAMPA SASSUOLO,Emilia-Romagna,15.0,74.86666666666666,27.0,68.88888888888889,16.962962962962962,12.0,80.0,Eccellente
F0240,BRIDGE SAVONA,Liguria,15.0,72.5,13.0,68.0,5.153846153846154,-2.0,-13.3,In Declino
F0244,BRIDGE SENIGALLIA,Marche,38.0,77.3157894736842,24.0,72.83333333333333,34.791666666666664,-14.0,-36.8,Critico
F0248,SIENA BRIDGE,Toscana,37.0,69.43243243243244,36.0,65.72222222222223,26.805555555555557,-1.0,-2.7,Stabile
F0251,BRIDGE SPOLETO,Umbria,17.0,84.17647058823529,49.0,76.26530612244898,20.102040816326532,32.0,188.2,Eccellente
F0253,BRIDGE SORRENTO,Campania,34.0,73.42424242424242,35.0,70.14285714285714,37.31428571428572,1.0,2.9,Stabile
F0258,TARANTO BRIDGE ASD,Puglia,36.0,76.38235294117646,0.0,,,-36.0,-100.0,Critico
F0262,TERAMO BRIDGE,Abruzzo,22.0,77.9047619047619,0.0,,,-22.0,-100.0,Critico
F0266,ASS.BRIDGE TORINO,Piemonte,234.0,77.51327433628319,186.0,73.76881720430107,74.0,-48.0,-20.5,In Declino
F0270,BRIDGE CLUB TRENTO,TRT,50.0,78.4,52.0,75.34615384615384,38.98076923076923,2.0,4.0,Stabile
F0272,TREVISO BRIDGE,Veneto,37.0,72.24324324324324,24.0,67.25,28.458333333333332,-13.0,-35.1,Critico
F0274,C.DEL BRIDGE TRIESTE,Friuli-Venezia Giulia,116.0,76.09734513274336,104.0,76.02884615384616,66.4423076923077,-12.0,-10.3,In Declino
F0276,C.LO BR.CITTA' DI UD,Friuli-Venezia Giulia,56.0,77.05357142857143,39.0,71.74358974358974,26.794871794871796,-17.0,-30.4,Critico
F0280,BRIDGE VARESE,Lombardia,90.0,76.41111111111111,85.0,72.61176470588235,59.2,-5.0,-5.6,Stabile
F0282,C.LO DEL BRIDGE VENEZIA,Veneto,87.0,81.33333333333333,53.0,78.09433962264151,74.71698113207547,-34.0,-39.1,Critico
F0286,PRO VERCELLI BRIDGE,Piemonte,8.0,75.375,0.0,,,-8.0,-100.0,Critico
F0294,VICENZA BRIDGE,Veneto,17.0,79.17647058823529,0.0,,,-17.0,-100.0,Critico
F0300,BRIDGE VITERBO,Lazio,77.0,77.06666666666666,0.0,,,-77.0,-100.0,Critico
F0301,BRIDGE RAGUSA,Sicilia,25.0,68.1304347826087,13.0,64.92307692307692,6.0,-12.0,-48.0,Critico
F0304,BRIDGE VOGHERA,Lombardia,34.0,77.94117647058823,0.0,,,-34.0,-100.0,Critico
F0305,LA ROTONDA BR.CLUB,Lazio,82.0,81.60975609756098,0.0,,,-82.0,-100.0,Critico
F0308,C.LO DEL BR. CALTANISSETTA,Sicilia,20.0,84.65,0.0,,,-20.0,-100.0,Critico
F0315,ASD TENNIS CLUB PARMA,Emilia-Romagna,22.0,85.86363636363636,0.0,,,-22.0,-100.0,Critico
F0322,SOC.CANOTTIERI MILANO,Lombardia,71.0,79.71830985915493,101.0,77.7128712871287,25.485148514851485,30.0,42.3,Eccellente
F0326,A.S.D. SPORTING CLUB MILANO  2,Lombardia,78.0,84.44871794871794,48.0,83.0625,62.895833333333336,-30.0,-38.5,Critico
F0329,AMICI DEL BRIDGE FIRENZE,Toscana,100.0,77.65656565656566,0.0,,,-100.0,-100.0,Critico
F0333,VERSILIA BRIDGE AND GAMES,Toscana,9.0,76.22222222222223,12.0,76.58333333333333,21.25,3.0,33.3,Eccellente
F0338,ANKON BRIDGE,Marche,64.0,77.65625,72.0,75.15277777777777,45.05555555555556,8.0,12.5,In Crescita
F0339,LIGURIABRIDGE,Liguria,229.0,76.59649122807018,68.0,70.98529411764706,40.3235294117647,-161.0,-70.3,Critico
F0340,A.SP.BLUE BRIDGE RM,Lazio,54.0,80.5925925925926,0.0,,,-54.0,-100.0,Critico
F0341,PLANET BRIDGE,Lombardia,41.0,67.1951219512195,34.0,72.23529411764706,42.55882352941177,-7.0,-17.1,In Declino
F0343,BRIDGE CLUB DESIO,Lombardia,80.0,77.66666666666667,45.0,73.57777777777778,52.13333333333333,-35.0,-43.8,Critico
F0344,BR.SPORTING CLUB S.SEVERO,Puglia,14.0,71.57142857142857,19.0,68.6842105263158,17.736842105263158,5.0,35.7,Eccellente
F0345,BRIDGE CLUB FORTE DEI MARMI,Toscana,46.0,81.0,46.0,73.80434782608695,76.47826086956522,0.0,0.0,Stabile
F0346,LUCANIA BRIDGE,Basilicata,20.0,80.6842105263158,20.0,78.55,10.3,0.0,0.0,Stabile
F0349,A.BERGAMASCA BR.LORETO,Lombardia,62.0,77.64516129032258,63.0,71.42857142857143,57.92063492063492,1.0,1.6,Stabile
F0366,ASS.BRIDGE SORA,Lazio,10.0,68.3,19.0,69.84210526315789,25.157894736842106,9.0,90.0,Eccellente
F0368,C.CAN.ROGGERO DI LAURIA ASD,Sicilia,54.0,83.4074074074074,26.0,79.92307692307692,47.88461538461539,-28.0,-51.9,Critico
F0369,BRIDGE CHIARAVALLE,Marche,33.0,74.39393939393939,22.0,72.45454545454545,75.54545454545455,-11.0,-33.3,Critico
F0371,ASD TENNIS CLUB PADOVA,Veneto,13.0,80.23076923076923,0.0,,,-13.0,-100.0,Critico
F0374,ASS.IT.ROTARIANI BR.,Lombardia,95.0,87.26506024096386,0.0,,,-95.0,-100.0,Critico
F0376,BRIDGE PARTENOPE,Campania,55.0,73.27272727272727,37.0,70.0,51.4054054054054,-18.0,-32.7,Critico
F0384,LAFENICE BRIDGE R.CONERO,Marche,21.0,83.61904761904762,0.0,,,-21.0,-100.0,Critico
F0385,TENNIS CLUB PARIOLI ASD,Lazio,85.0,79.97297297297297,97.0,76.42268041237114,32.79381443298969,12.0,14.1,In Crescita
F0387,AURELIA BRIDGE CLUB,Lazio,34.0,82.39393939393939,0.0,,,-34.0,-100.0,Critico
F0388,APD FONTE ROMAEUR,Lazio,123.0,79.25,0.0,,,-123.0,-100.0,Critico
F0390,LE 9 DAME,Toscana,32.0,70.375,36.0,67.75,35.083333333333336,4.0,12.5,In Crescita
F0391,UNICREDIT GROUP CIRCOLO MILANO,Lombardia,42.0,81.21428571428571,0.0,,,-42.0,-100.0,Critico
F0392,CIRCOLO BRIDGE ARCO,TRT,20.0,79.35,12.0,70.33333333333333,5.666666666666667,-8.0,-40.0,Critico
F0399,A.B.A./T.C.A. MILANO,Lombardia,99.0,78.16161616161617,0.0,,,-99.0,-100.0,Critico
F0401,APD C.LO CANOTTIERI ROMA,Lazio,1.0,100.0,20.0,69.7,33.55,19.0,1900.0,Eccellente
F0403,TOP ONE,Piemonte,18.0,67.11764705882354,18.0,60.388888888888886,40.94444444444444,0.0,0.0,Stabile
F0405,BR.ZIBI BONIEK LECCO,Lombardia,63.0,74.95238095238095,0.0,,,-63.0,-100.0,Critico
F0407,BRIDGE COSENZA,Calabria,29.0,79.88888888888889,22.0,76.63636363636364,47.54545454545455,-7.0,-24.1,In Declino
F0409,BRIDGE.CSC BARBERIS,Piemonte,22.0,74.13636363636364,75.0,72.72,67.49333333333334,53.0,240.9,Eccellente
F0411,A.BR.NINO MARCON VE,Veneto,83.0,81.57831325301204,62.0,76.96774193548387,121.14516129032258,-21.0,-25.3,In Declino
F0417,CIRCOLO DELLA VELA ASD,Marche,41.0,81.7,28.0,79.21428571428571,56.25,-13.0,-31.7,Critico
F0418,ROMA TOP BRIDGE,Lazio,353.0,79.91040462427746,0.0,,,-353.0,-100.0,Critico
F0425,ASD TENNIS CL.CAGLIARI,Sardegna,8.0,88.25,0.0,,,-8.0,-100.0,Critico
F0429,APSD C.MAGISTRATI C.C.,Lazio,19.0,75.6470588235294,34.0,74.61764705882354,20.88235294117647,15.0,78.9,Eccellente
F0430,IDEA BRIDGE TORINO,Piemonte,114.0,74.01886792452831,69.0,67.92753623188406,57.927536231884055,-45.0,-39.5,Critico
F0432,CUP TREVISO BRIDGE,Veneto,37.0,81.4054054054054,29.0,79.44827586206897,10.172413793103448,-8.0,-21.6,In Declino
F0437,G.B.R.L.BARBERA,Calabria,25.0,76.08,19.0,64.26315789473684,50.05263157894737,-6.0,-24.0,In Declino
F0438,BRIDGE GIARDINI,Emilia-Romagna,45.0,84.04444444444445,29.0,79.3103448275862,59.724137931034484,-16.0,-35.6,Critico
F0442,JUNIOR BRIDGE CLUB PG,Umbria,61.0,78.11475409836065,68.0,77.01470588235294,57.4264705882353,7.0,11.5,In Crescita
F0443,ANGOLO VERDE PG,Umbria,30.0,79.3,26.0,72.46153846153847,51.96153846153846,-4.0,-13.3,In Declino
F0444,BRIDGE CLUB SIRACUSA,Sicilia,77.0,78.16883116883118,61.0,74.08196721311475,84.24590163934427,-16.0,-20.8,In Declino
F0447,BRIDGE EUR  S.S.D. A R.L.,Lazio,159.0,74.01986754966887,0.0,,,-159.0,-100.0,Critico
F0448,CIRCOLO VALET DI FIORI FR,Lazio,16.0,82.1875,1.0,81.0,42.0,-15.0,-93.8,Critico
F0449,BCM BR.CLUB MERATE,Lombardia,44.0,75.56818181818181,14.0,67.78571428571429,9.285714285714286,-30.0,-68.2,Critico
F0453,BRIDGE EXCELSIOR,Lombardia,66.0,84.1969696969697,36.0,81.63888888888889,58.416666666666664,-30.0,-45.5,Critico
F0463,BRIDGE VIAREGGIO,Toscana,11.0,84.9090909090909,0.0,,,-11.0,-100.0,Critico
F0466,BRIDGE ICHNOS,Sardegna,172.0,77.23837209302326,110.0,72.77272727272727,62.9,-62.0,-36.0,Critico
F0467,C.LO ELBA BRIDGE,Toscana,1.0,86.0,0.0,,,-1.0,-100.0,Critico
F0472,BRIDGE FALCONARA,Marche,62.0,78.19354838709677,38.0,71.73684210526316,29.31578947368421,-24.0,-38.7,Critico
F0473,C.M.M. N.S.TRIESTE,Friuli-Venezia Giulia,13.0,82.6923076923077,13.0,69.3076923076923,30.153846153846153,0.0,0.0,Stabile
F0474,BRIDGE CLUB SANREMO,Liguria,16.0,77.0,7.0,59.142857142857146,43.42857142857143,-9.0,-56.2,Critico
F0479,CLUB DI B.CONEGLIANO,Veneto,16.0,78.125,18.0,70.11111111111111,8.055555555555555,2.0,12.5,In Crescita
F0482,S.C.CANOTTIERI TICINO A R.L.,Lombardia,25.0,71.04,47.0,68.25531914893617,24.76595744680851,22.0,88.0,Eccellente
F0487,ASD MOTONAUTICA PV,Lombardia,12.0,82.58333333333333,8.0,78.0,24.875,-4.0,-33.3,Critico
F0491,BRIDGE GRADO,Friuli-Venezia Giulia,56.0,79.07272727272728,0.0,,,-56.0,-100.0,Critico
F0500,AMICI BRIDGE ABRUZZO,Abruzzo,18.0,73.27777777777777,14.0,72.5,47.07142857142857,-4.0,-22.2,In Declino
F0503,BRIDGE INSTITUTE 2000,Lombardia,170.0,77.04117647058824,261.0,75.69731800766283,56.70498084291188,91.0,53.5,Eccellente
F0504,BRIDGE JESI,Marche,40.0,73.225,40.0,71.125,62.325,0.0,0.0,Stabile
F0505,BRIDGE TONARA,Sardegna,18.0,63.94444444444444,25.0,64.6,11.88,7.0,38.9,Eccellente
F0508,BR.CL.NUOVA CASALE A.S.D.,Piemonte,22.0,74.86363636363636,19.0,71.57894736842105,20.31578947368421,-3.0,-13.6,In Declino
F0509,BRIDGE CLUB DRUSO,TRB,60.0,82.8,0.0,,,-60.0,-100.0,Critico
F0510,MES AMIS,Puglia,24.0,70.43478260869566,22.0,69.9090909090909,46.0,-2.0,-8.3,Stabile
F0512,NOBEL BRIDGE,Lazio,28.0,72.75,0.0,,,-28.0,-100.0,Critico
F0513,ASSOCIATO ALLEGRA,Piemonte,13.0,61.30769230769231,5.0,66.4,6.8,-8.0,-61.5,Critico
F0522,LUX BRIDGE PESARO,Toscana,9.0,76.77777777777777,0.0,,,-9.0,-100.0,Critico
F0524,ROSSINI BR.PESARO,Marche,58.0,76.94827586206897,69.0,70.82608695652173,55.492753623188406,11.0,19.0,In Crescita
F0528,ASD C.LO TENNIS PALERMO,Sicilia,40.0,72.375,26.0,73.46153846153847,54.15384615384615,-14.0,-35.0,Critico
F0532,BR.ASS.COMOCANTUHELIOS,Lombardia,97.0,77.6701030927835,63.0,75.73015873015873,53.111111111111114,-34.0,-35.1,Critico
F0539,NUOVO BRIDGE INSIEME,Lazio,190.0,76.62921348314607,0.0,,,-190.0,-100.0,Critico
F0541,C.C.ANIENE,Lazio,12.0,81.16666666666667,3.0,75.66666666666667,2.3333333333333335,-9.0,-75.0,Critico
F0545,CB.VALDARNO L.R.D.V.,Toscana,1.0,79.0,0.0,,,-1.0,-100.0,Critico
F0546,CIRCOLO DEL BRIDGE FI,Toscana,120.0,76.53333333333333,117.0,70.83760683760684,40.11965811965812,-3.0,-2.5,Stabile
F0550,BRIDGE VILLA FABBRICHE,Toscana,19.0,67.73684210526316,33.0,68.33333333333333,19.272727272727273,14.0,73.7,Eccellente
F0556,PORTLAND CLUB,Emilia-Romagna,64.0,81.375,31.0,76.61290322580645,88.0,-33.0,-51.6,Critico
F0558,QUARTU S.ELENA BR.,Sardegna,85.0,78.10588235294118,62.0,75.70967741935483,78.19354838709677,-23.0,-27.1,In Declino
F0559,BRIDGE MARTINA,Puglia,31.0,71.3225806451613,28.0,68.17857142857143,49.32142857142857,-3.0,-9.7,Stabile
F0566,CIRCOLO BRIDGE CAGLI,Marche,22.0,68.45454545454545,27.0,69.44444444444444,46.074074074074076,5.0,22.7,In Crescita
F0576,C.TENNIS E DELLA VELA ASD,Sicilia,27.0,81.03703703703704,51.0,73.52941176470588,79.47058823529412,24.0,88.9,Eccellente
F0577,BRIDGE 3A S.S.D. A R.L.,Lazio,226.0,79.73660714285714,0.0,,,-226.0,-100.0,Critico
F0578,BRIDGE FARNESE PIACENZA,Emilia-Romagna,62.0,74.83870967741936,75.0,72.06666666666666,55.346666666666664,13.0,21.0,In Crescita
F0583,ASD TENNIS ROMA,Lazio,60.0,83.86666666666666,69.0,79.3768115942029,63.6231884057971,9.0,15.0,In Crescita
F0584,ASD CLUB VILLA BORGHESE,Lazio,32.0,81.5625,0.0,,,-32.0,-100.0,Critico
F0585,MONDELLO BRIDGE ASD,Sicilia,95.0,74.02105263157895,57.0,70.36842105263158,53.05263157894737,-38.0,-40.0,Critico
F0588,C.LO CITTADINO VERONA BRIDGE,Veneto,104.0,79.98076923076923,54.0,72.33333333333333,38.72222222222222,-50.0,-48.1,Critico
F0591,CASCINA BRIDGE LA TORRE,Toscana,33.0,72.39393939393939,19.0,72.52631578947368,32.26315789473684,-14.0,-42.4,Critico
F0593,C.LO BRIDGE RESEGONE,Lombardia,20.0,69.3,0.0,,,-20.0,-100.0,Critico
F0594,CIRCOLO EREMITANI,Veneto,177.0,81.19883040935673,94.0,76.43617021276596,77.86170212765957,-83.0,-46.9,Critico
F0595,BRIDGELUPI,Campania,24.0,73.69565217391305,36.0,75.36111111111111,29.583333333333332,12.0,50.0,Eccellente
F0596,VIAREGGIO VERSILIA BR. A.S.D.,Toscana,90.0,76.22222222222223,55.0,69.43636363636364,60.018181818181816,-35.0,-38.9,Critico
F0597,SAN PIERO A GRADO BRIDGE,Toscana,39.0,70.8157894736842,0.0,,,-39.0,-100.0,Critico
F0598,OLGIATA GOLF CLUB A.D.,Lazio,49.0,83.52173913043478,42.0,76.66666666666667,81.4047619047619,-7.0,-14.3,In Declino
F0601,LIBURNA BRIDGE,Toscana,19.0,66.57894736842105,0.0,,,-19.0,-100.0,Critico
F0605,BRIDGE CLUB PETRARCA,Campania,99.0,75.47191011235955,0.0,,,-99.0,-100.0,Critico
F0606,DUE FIORI BRIDGE,Campania,37.0,78.56756756756756,18.0,65.88888888888889,43.55555555555556,-19.0,-51.4,Critico
F0609,BRIDGE INSIEME BOLOGNA,Emilia-Romagna,37.0,90.02777777777777,0.0,,,-37.0,-100.0,Critico
F0611,ASD SOC GINNASTICA ANGIULLI,Puglia,29.0,78.28571428571429,43.0,75.69767441860465,28.209302325581394,14.0,48.3,Eccellente
F0613,ASD CRCD UNIVERSITA' FIRENZE,Toscana,6.0,83.33333333333333,0.0,,,-6.0,-100.0,Critico
F0614,FIRENZE ARNO BRIDGE,Toscana,39.0,71.82051282051282,0.0,,,-39.0,-100.0,Critico
F0618,BRIDGE BOLOGNA CENTRO,Emilia-Romagna,42.0,79.35714285714286,22.0,74.4090909090909,46.63636363636363,-20.0,-47.6,Critico
F0624,SPORT CLUB  DIL. RAPID,Emilia-Romagna,130.0,74.71538461538462,117.0,71.26495726495726,74.43589743589743,-13.0,-10.0,In Declino
F0625,BRIDGE OSTUNI,Puglia,4.0,74.5,0.0,,,-4.0,-100.0,Critico
F0629,BRIDGE TIME ASD,Lombardia,47.0,79.17777777777778,0.0,,,-47.0,-100.0,Critico
F0630,CIRCOLO GENTILE,Marche,7.0,70.16666666666667,0.0,,,-7.0,-100.0,Critico
F0631,FANTONI VACATIONS S.S.D. A R.L,Lazio,12.0,81.9090909090909,42.0,78.64285714285714,21.5,30.0,250.0,Eccellente
F0632,IL CIRCOLO DI BOLOGNA,Emilia-Romagna,14.0,71.07142857142857,37.0,67.72972972972973,53.648648648648646,23.0,164.3,Eccellente
F0634,BRIDGE BRENO,Lombardia,31.0,65.61290322580645,34.0,66.27272727272727,20.470588235294116,3.0,9.7,Stabile
F0635,C.PORTA SUSA A.S.D.,Piemonte,232.0,79.37333333333333,125.0,74.664,70.88,-107.0,-46.1,Critico
F0637,ASSI NEL MONDO,Lazio,52.0,82.50980392156863,39.0,75.15384615384616,24.846153846153847,-13.0,-25.0,In Declino
F0638,BRIDGE CLUB SILVANO BORGETTI,Piemonte,8.0,72.25,0.0,,,-8.0,-100.0,Critico
F0640,QUELLI CHE IL BRIDGE ...,Lombardia,35.0,70.2,18.0,67.77777777777777,49.0,-17.0,-48.6,Critico
F0642,BRIDGE CITTA' DEL TRICOLORE,Emilia-Romagna,48.0,77.17391304347827,37.0,71.54054054054055,44.351351351351354,-11.0,-22.9,In Declino
F0643,ASD CLUB IPPOCAMPO,Campania,4.0,71.75,0.0,,,-4.0,-100.0,Critico
F0644,ACCADEMIA DEL BRIDGE,Lazio,169.0,83.31446540880503,58.0,72.74137931034483,71.94827586206897,-111.0,-65.7,Critico
F0645,BRIDGE REGISOLE,Lombardia,6.0,72.33333333333333,9.0,70.11111111111111,11.88888888888889,3.0,50.0,Eccellente
F0646,TENNIS CLUB GENOVA 1893 ASD,Liguria,68.0,81.54411764705883,91.0,72.38461538461539,38.989010989010985,23.0,33.8,Eccellente
F0648,GARDA BRIDGE,Lombardia,24.0,84.875,0.0,,,-24.0,-100.0,Critico
F0649,VITTORIO VENETO,Veneto,31.0,79.83870967741936,21.0,76.9047619047619,7.523809523809524,-10.0,-32.3,Critico
F0650,BRIDGE TENNIS CLUB PERUGIA,Umbria,38.0,72.52631578947368,0.0,,,-38.0,-100.0,Critico
F0652,ASS.BRIDGE CELICO ASD,Calabria,16.0,76.375,0.0,,,-16.0,-100.0,Critico
F0653,VILLAGGIO DEL BRIDGE,Calabria,30.0,81.03703703703704,22.0,78.0,14.545454545454545,-8.0,-26.7,In Declino
F0656,C.LO DELLA STAMPA-SPORTING ASD,Piemonte,31.0,84.76666666666667,14.0,80.5,35.785714285714285,-17.0,-54.8,Critico
F0657,TENNIS C.MILANO BONACOSSA ASD,Lombardia,57.0,86.18867924528301,0.0,,,-57.0,-100.0,Critico
F0661,ASS.BR.ARGENTARIO,Toscana,9.0,79.88888888888889,0.0,,,-9.0,-100.0,Critico
F0662,RAVENNA BRIDGE,Emilia-Romagna,29.0,80.34482758620689,59.0,68.33898305084746,58.47457627118644,30.0,103.4,Eccellente
F0663,TENNIS CLUB PAVIA ASD,Lombardia,22.0,77.86363636363636,6.0,75.83333333333333,19.333333333333332,-16.0,-72.7,Critico
F0666,ARONA BRIDGE CLUB 50,Piemonte,30.0,79.93103448275862,18.0,79.11111111111111,7.722222222222222,-12.0,-40.0,Critico
F0667,SOC.CANOTTIERI CAPRERA ASD,Piemonte,160.0,82.9673202614379,0.0,,,-160.0,-100.0,Critico
F0669,BRIDGE TERNI,Umbria,15.0,84.13333333333334,0.0,,,-15.0,-100.0,Critico
F0670,ASD C.LO CITTADINO FROSINONE,Lazio,18.0,80.88888888888889,0.0,,,-18.0,-100.0,Critico
F0671,CCRS DS CARICENTRO APS-ASD,Toscana,5.0,83.2,0.0,,,-5.0,-100.0,Critico
F0672,CIRCOLO BRIDGE 2000,Lombardia,188.0,84.23913043478261,51.0,74.01960784313725,45.294117647058826,-137.0,-72.9,Critico
F0673,AMICI BRIDGE OLGIATA,Lazio,17.0,81.76470588235294,31.0,79.19354838709677,42.54838709677419,14.0,82.4,Eccellente
F0674,ALESSANDRIA BRIDGE A.S.D.,Piemonte,74.0,72.21917808219177,68.0,69.47058823529412,40.64705882352941,-6.0,-8.1,Stabile
F0675,BRIDGE CLUB BUSACCHI,Liguria,3.0,68.0,19.0,56.421052631578945,4.105263157894737,16.0,533.3,Eccellente
F0677,ORBETELLO BR. ALE' LAGUNARI,Toscana,6.0,84.5,0.0,,,-6.0,-100.0,Critico
F0679,PINO BRIDGE,Piemonte,36.0,79.14285714285714,35.0,76.11428571428571,28.885714285714286,-1.0,-2.8,Stabile
F0680,BRIDGE CONVIVIUM,Sicilia,102.0,79.18627450980392,62.0,74.2258064516129,87.64516129032258,-40.0,-39.2,Critico
F0681,A. VOLTA,Lombardia,104.0,85.62626262626263,59.0,81.9322033898305,32.76271186440678,-45.0,-43.3,Critico
F0685,ALPI APUANE,Toscana,10.0,67.4,35.0,72.37142857142857,28.114285714285714,25.0,250.0,Eccellente
F0692,A.BR.CIRCOLO 1871 CATANZARO,Calabria,33.0,76.78787878787878,25.0,73.16,37.04,-8.0,-24.2,In Declino
F0694,FERRARA  BRIDGE E BURRACO,Emilia-Romagna,52.0,77.59615384615384,40.0,70.975,27.975,-12.0,-23.1,In Declino
F0695,PALLADIO BRIDGE,Veneto,32.0,74.15625,38.0,72.65789473684211,29.736842105263158,6.0,18.8,In Crescita
F0696,C.PALERMITANO B.ENZO RIOLO ASD,Sicilia,13.0,71.76923076923077,12.0,70.58333333333333,42.833333333333336,-1.0,-7.7,Stabile
F0697,BIA A R.L.,Lazio,7.0,79.85714285714286,0.0,,,-7.0,-100.0,Critico
F0698,CIRCOLO CANOTTIERI LAZIO ASD,Lazio,1.0,89.0,0.0,,,-1.0,-100.0,Critico
F0699,BRIDGE ARCOBALENO,Campania,31.0,78.93548387096774,28.0,74.10714285714286,29.892857142857142,-3.0,-9.7,Stabile
F0701,ANTICO TIRO A VOLO - BR. A.S.D,Lazio,37.0,82.32352941176471,95.0,76.45263157894736,44.473684210526315,58.0,156.8,Eccellente
F0703,ASD POL RAILWAY SPORTS,Campania,51.0,77.25,0.0,,,-51.0,-100.0,Critico
F0704,ALBA BRIDGE CLUB,Piemonte,8.0,73.375,9.0,69.55555555555556,17.22222222222222,1.0,12.5,In Crescita
F0705,BR.G.CABOTO - GAETA,Lazio,29.0,81.0,17.0,77.05882352941177,3.764705882352941,-12.0,-41.4,Critico
F0707,HOLIDAY BRIDGE,Lazio,38.0,78.08108108108108,36.0,77.08333333333333,27.72222222222222,-2.0,-5.3,Stabile
F0708,TEX BRIDGE,Lazio,95.0,80.3913043478261,58.0,68.08620689655173,48.56896551724138,-37.0,-38.9,Critico
F0711,ASD CIRCOLO BOCCIOFILA LIDO,Liguria,67.0,71.88059701492537,41.0,67.65853658536585,70.39024390243902,-26.0,-38.8,Critico
F0712,ASS.BR. CIRCOLO SOCIALE 1806,Piemonte,29.0,82.17241379310344,0.0,,,-29.0,-100.0,Critico
F0713,HELVIA CLUANA,Marche,30.0,76.9,30.0,75.7,27.433333333333334,0.0,0.0,Stabile
F0714,POGGIO BRIDGE,Sardegna,20.0,78.9,23.0,70.08695652173913,54.52173913043478,3.0,15.0,In Crescita
F0715,ARCA BRIDGE ASD,Lombardia,57.0,80.9298245614035,53.0,79.37735849056604,18.67924528301887,-4.0,-7.0,Stabile
F0716,C.LO CANOTTIERI NAPOLI A.S.D.,Campania,10.0,86.3,20.0,74.25,29.55,10.0,100.0,Eccellente
F0718,ARBAREE BRIDGE,Sardegna,44.0,69.45454545454545,24.0,69.95833333333333,46.375,-20.0,-45.5,Critico
F0719,IL BRIDGE,Lombardia,212.0,75.08910891089108,143.0,72.1118881118881,38.12587412587413,-69.0,-32.5,Critico
F0720,UNIVERSITA' DEL BRIDGE,Lazio,37.0,70.83783783783784,52.0,64.23076923076923,24.903846153846153,15.0,40.5,Eccellente
F0722,ETNA BRIDGE SSD A R.L.,Sicilia,99.0,67.48387096774194,116.0,65.46551724137932,64.12931034482759,17.0,17.2,In Crescita
F0723,GLI SPORT DELLA MENTE ASD,Umbria,33.0,81.06060606060606,0.0,,,-33.0,-100.0,Critico
F0726,APD TENNIS CLUB PRESIDENT,Emilia-Romagna,26.0,66.96153846153847,0.0,,,-26.0,-100.0,Critico
F0727,BRIDGE CLUB DELFINI JONICI,Puglia,35.0,72.31428571428572,49.0,70.91836734693878,36.63265306122449,14.0,40.0,Eccellente
F0729,ARCADIA BENBRIDGE SSD A R.L.,Lazio,301.0,75.32993197278911,0.0,,,-301.0,-100.0,Critico
F0730,LATINA PROGETTO BRIDGE,Lazio,49.0,68.53061224489795,0.0,,,-49.0,-100.0,Critico
F0731,M. AMMENDOLIA ASD,Sicilia,55.0,80.6,30.0,78.06666666666666,77.96666666666667,-25.0,-45.5,Critico
F0732,BRIDGE CANICATTINI BAGNI,Sicilia,9.0,71.22222222222223,0.0,,,-9.0,-100.0,Critico
F0733,ACSD LA MONGOLFIERA,Lombardia,8.0,47.0,0.0,,,-8.0,-100.0,Critico
F0734,CIRCOLO TEVERE BRIDGE A.S.D.,Lazio,164.0,75.49375,101.0,72.65346534653466,56.24752475247525,-63.0,-38.4,Critico
F0736,A.BR.ASCOLI PICENO-C.LO CITT.,Marche,26.0,75.96153846153847,0.0,,,-26.0,-100.0,Critico
F0737,MOTO CLUB MILANO SSD A RL,Lombardia,213.0,79.49047619047619,144.0,73.85416666666667,58.00694444444444,-69.0,-32.4,Critico
F0738,,,0.0,,51.0,74.43137254901961,33.588235294117645,51.0,,
F0740,ASD GOLF CLUB VILLA CAROLINA,Piemonte,8.0,78.0,0.0,,,-8.0,-100.0,Critico
F0741,NUOVO TUSCOLO SP.CL.SSD A RL,Lazio,54.0,76.28301886792453,0.0,,,-54.0,-100.0,Critico
F0742,BRIDGE TERME A.S.D.,Veneto,29.0,80.93103448275862,32.0,81.21875,43.40625,3.0,10.3,In Crescita
F0743,PALCAN BRIDGE,Campania,12.0,64.83333333333333,14.0,48.142857142857146,18.428571428571427,2.0,16.7,In Crescita
F0744,EQUILIUM VENEZIA ASD,Veneto,24.0,72.58333333333333,15.0,70.73333333333333,35.6,-9.0,-37.5,Critico
F0745,CECINA BRIDGE,Toscana,21.0,79.0,42.0,72.83333333333333,32.38095238095238,21.0,100.0,Eccellente
F0746,LEGA NAVALE IT. SEZ.ANCONA ASD,Marche,11.0,77.63636363636364,0.0,,,-11.0,-100.0,Critico
F0747,B.RIVIERA PALME S.BENEDETTO T.,Marche,21.0,79.78947368421052,16.0,75.5,55.5625,-5.0,-23.8,In Declino
F0748,BRIDGE LAMEZIA TERME,Calabria,18.0,72.38888888888889,11.0,72.54545454545455,10.454545454545455,-7.0,-38.9,Critico
F0750,BRIDGE FIOCCHI ASD,Lombardia,78.0,77.94594594594595,0.0,,,-78.0,-100.0,Critico
F0751,BRIDGE ADDAURA ASD,Sicilia,20.0,67.05,29.0,64.93103448275862,30.103448275862068,9.0,45.0,Eccellente
F0752,BELLAVISTA BRIDGE CLUB A.S.D.,Veneto,40.0,77.5,0.0,,,-40.0,-100.0,Critico
F0753,BRIDGE SELARGIUS,Sardegna,38.0,72.28947368421052,79.0,70.84810126582279,58.075949367088604,41.0,107.9,Eccellente
F0754,BRIDGE CUSANO MILANINO,Lombardia,14.0,78.0,44.0,76.02272727272727,44.88636363636363,30.0,214.3,Eccellente
F0756,BRIDGE  TACITUS,Umbria,42.0,77.61904761904762,0.0,,,-42.0,-100.0,Critico
F0757,U.S.PARMENSE 2015 A.S.D.,Emilia-Romagna,29.0,78.57142857142857,0.0,,,-29.0,-100.0,Critico
F0758,CASTELVECCHIO VERONA,Veneto,9.0,81.11111111111111,27.0,77.48148148148148,23.48148148148148,18.0,200.0,Eccellente
F0759,,,0.0,,1.0,28.0,1.0,1.0,,
F0760,,,0.0,,12.0,62.833333333333336,63.5,12.0,,
F0761,AGORA' ASD BRIDGE CLUB,Lazio,5.0,85.4,0.0,,,-5.0,-100.0,Critico
F0762,ASD C.LO BR. PESCARA RIVIERA,Abruzzo,8.0,79.875,57.0,74.24561403508773,46.771929824561404,49.0,612.5,Eccellente
F0763,,,0.0,,61.0,80.80327868852459,50.9344262295082,61.0,,
F0766,,,0.0,,25.0,52.76,34.96,25.0,,
F0768,,,0.0,,65.0,75.36923076923077,30.76923076923077,65.0,,
F0769,,,0.0,,50.0,71.12,50.94,50.0,,
F0772,,,0.0,,1.0,60.0,49.0,1.0,,
F0773,,,0.0,,18.0,66.05555555555556,19.444444444444443,18.0,,
F0774,,,0.0,,3.0,46.666666666666664,62.333333333333336,3.0,,
F0775,,,0.0,,32.0,76.8125,57.0,32.0,,
F0776,,,0.0,,8.0,78.375,6.625,8.0,,
F0777,,,0.0,,34.0,79.17647058823529,53.55882352941177,34.0,,
F0778,,,0.0,,21.0,68.76190476190476,42.285714285714285,21.0,,
F0781,,,0.0,,16.0,69.125,23.3125,16.0,,
F0783,,,0.0,,30.0,79.33333333333333,59.1,30.0,,
F0784,,,0.0,,26.0,73.61538461538461,40.80769230769231,26.0,,
F0786,,,0.0,,32.0,67.34375,37.59375,32.0,,
F0787,,,0.0,,261.0,71.89272030651341,54.252873563218394,261.0,,
F0789,,,0.0,,215.0,75.33023255813953,47.06511627906977,215.0,,
F0791,,,0.0,,23.0,73.78260869565217,52.130434782608695,23.0,,
F0792,,,0.0,,2.0,80.0,4.0,2.0,,
F0793,,,0.0,,79.0,77.55696202531645,47.9873417721519,79.0,,
F0795,,,0.0,,23.0,75.30434782608695,74.52173913043478,23.0,,
F0796,,,0.0,,86.0,69.09302325581395,66.96511627906976,86.0,,
F0797,,,0.0,,48.0,76.4375,23.854166666666668,48.0,,
F0798,,,0.0,,16.0,76.75,36.3125,16.0,,
F0805,,,0.0,,50.0,74.08,55.12,50.0,,
F0806,,,0.0,,20.0,74.0,13.05,20.0,,
F0807,,,0.0,,17.0,65.17647058823529,32.1764705882353,17.0,,
F0808,,,0.0,,21.0,72.95238095238095,13.714285714285714,21.0,,
F0809,,,0.0,,9.0,43.333333333333336,37.666666666666664,9.0,,
F0810,,,0.0,,47.0,71.53191489361703,26.638297872340427,47.0,,
F0813,,,0.0,,4.0,57.5,109.75,4.0,,
F0814,,,0.0,,7.0,73.0,82.28571428571429,7.0,,
I0529,LC C.BECCARIA      -MI,Lombardia,1.0,23.0,0.0,,,-1.0,-100.0,Critico
I0534,LS Leonardo Da Vinci - An,Marche,11.0,25.181818181818183,0.0,,,-11.0,-100.0,Critico
I0544,ITI  L. DI SAVOIA  -CH,Abruzzo,2.0,24.0,0.0,,,-2.0,-100.0,Critico
I0548,SMS L.do DA VINCI  -Mi,Lombardia,6.0,21.166666666666668,0.0,,,-6.0,-100.0,Critico
I0716,LS  G.B.GRASSI     -LT,Lazio,2.0,25.5,0.0,,,-2.0,-100.0,Critico
I0775,ITAS Matteo RICCI-MC,   ,13.0,25.846153846153847,0.0,,,-13.0,-100.0,Critico
I0803,IC GRAZIE - TAVERNELLE     -AN,Marche,4.0,21.0,0.0,,,-4.0,-100.0,Critico
I0846,SES FELLINI (IC Alighieri)- Rn,Emilia-Romagna,1.0,19.0,0.0,,,-1.0,-100.0,Critico
I0852,IC Alighieri-Fermi (centr).RN,Emilia-Romagna,4.0,20.0,0.0,,,-4.0,-100.0,Critico
I0890,,,0.0,,2.0,15.0,1.0,2.0,,
I0891,LS FARNESINA - RM,Lazio,2.0,25.5,0.0,,,-2.0,-100.0,Critico
I0900,SMS Toscanini (IC F.Filzi)-MI,Lombardia,1.0,20.0,0.0,,,-1.0,-100.0,Critico
I0902,SES-HURBINEK (IC Marro) - To,Piemonte,22.0,19.0,0.0,,,-22.0,-100.0,Critico
I0906,IIS ALESSANDRINI - Mi,Lombardia,2.0,25.5,0.0,,,-2.0,-100.0,Critico
I0914,IC Cr1-Secondaria 1^- A.Campi',Lombardia,1.0,21.0,0.0,,,-1.0,-100.0,Critico
I0919,IIS DeFELICE-GIUFFRIDA-OLIVETT,Sicilia,4.0,26.25,0.0,,,-4.0,-100.0,Critico
I0922,ITI Galileo FERRARIS - Ct,Sicilia,4.0,25.75,0.0,,,-4.0,-100.0,Critico
I0931,IC Leonardo Da VINCI - Ct,Sicilia,8.0,20.0,0.0,,,-8.0,-100.0,Critico
I0933,IIS.Aeronautico A.LOCATELLI-BG,Lombardia,1.0,24.0,0.0,,,-1.0,-100.0,Critico
I0935,ITC V.DeFAZIO - Cz,Calabria,1.0,27.0,0.0,,,-1.0,-100.0,Critico
I0938,IC Statale nr. 6 - Ca,Sardegna,73.0,20.791666666666668,0.0,,,-73.0,-100.0,Critico
I0942,IC F.Marro - To,Piemonte,29.0,19.0,0.0,,,-29.0,-100.0,Critico
I0945,IC Giov XXIII (IC Misano Ad)  ,Emilia-Romagna,3.0,21.0,0.0,,,-3.0,-100.0,Critico
I0949,LS G.Lombardo RADICE,Sicilia,6.0,24.833333333333332,0.0,,,-6.0,-100.0,Critico
I0951,IC A.Leonori,Lazio,1.0,20.0,0.0,,,-1.0,-100.0,Critico
I0958,LC Vitt. Emanuele II - NA,Campania,1.0,25.0,0.0,,,-1.0,-100.0,Critico
I0960,IC San Tommaso d'Aquino,Campania,12.0,20.416666666666668,0.0,,,-12.0,-100.0,Critico
I0961,SES E-DeAMICIS (IC Gramsci),Piemonte,59.0,17.43103448275862,0.0,,,-59.0,-100.0,Critico
I0962,SES Aldo MEI (IC Gramsci),Piemonte,17.0,17.941176470588236,0.0,,,-17.0,-100.0,Critico
I0966,SMS PISCINA (IC.Pinerolo3^)-To,Piemonte,14.0,20.071428571428573,0.0,,,-14.0,-100.0,Critico
I0967,SMS ZaneIli (IC Giov.ni XXIII),Lombardia,1.0,21.0,0.0,,,-1.0,-100.0,Critico
I1026,,,0.0,,2.0,11.0,3.0,2.0,,
I1059,,,0.0,,2.0,12.0,1.0,2.0,,
I1084,,,0.0,,1.0,17.0,2.0,1.0,,
I1097,,,0.0,,1.0,12.0,2.0,1.0,,
I1103,,,0.0,,1.0,17.0,6.0,1.0,,
I1110,,,0.0,,1.0,18.0,2.0,1.0,,
I1114,,,0.0,,1.0,13.0,1.0,1.0,,
I1119,,,0.0,,1.0,9.0,2.0,1.0,,
I1120,,,0.0,,6.0,17.333333333333332,1.3333333333333333,6.0,,
I1124,,,0.0,,1.0,17.0,1.0,1.0,,
I1126,,,0.0,,1.0,18.0,1.0,1.0,,
I1128,,,0.0,,1.0,17.0,1.0,1.0,,
I1129,,,0.0,,1.0,11.0,1.0,1.0,,
I7006,DI.GI.EC -Univ.Mediterranea-RC,Calabria,1.0,32.0,0.0,,,-1.0,-100.0,Critico
I8016,UNITRE MILANO,Lombardia,13.0,75.23076923076923,0.0,,,-13.0,-100.0,Critico
O0004,BONELLI LINO,Veneto,2.0,79.5,0.0,,,-2.0,-100.0,Critico
O0006,INCONTRI DI BRIDGE,Lazio,2.0,80.0,36.0,80.77777777777777,11.13888888888889,34.0,1700.0,Eccellente
O0017,VANNI UGO,Toscana,13.0,85.0,0.0,,,-13.0,-100.0,Critico
O0045,PIACEREBRIDGE,Veneto,1.0,81.0,0.0,,,-1.0,-100.0,Critico
O0048,LA COMPAGNIA DEL BRIDGE,Friuli-Venezia Giulia,1.0,74.0,0.0,,,-1.0,-100.0,Critico
O0049,STELLIN NELDA,Veneto,1.0,93.0,2.0,84.0,4.0,1.0,100.0,Eccellente
O0052,FRIGIERI CLAUDIO,Lazio,4.0,91.75,1.0,86.0,1.0,-3.0,-75.0,Critico
O0057,,,0.0,,8.0,82.125,10.25,8.0,,
S0002,ABBADIA S.SALVATORE,Toscana,2.0,34.0,0.0,,,-2.0,-100.0,Critico
S0017,AVELLINO BRIDGE,Campania,1.0,77.0,0.0,,,-1.0,-100.0,Critico
S0020,BRIDGE BARI,Puglia,2.0,73.5,0.0,,,-2.0,-100.0,Critico
S0024,BAVENO BRIDGE CLUB,Piemonte,4.0,62.75,23.0,61.73913043478261,55.04347826086956,19.0,475.0,Eccellente
S0026,BERGAMASCA BRIDGE,Lombardia,16.0,67.75,24.0,65.08333333333333,19.833333333333332,8.0,50.0,Eccellente
S0028,C.LO BIELLESE BRIDGE,Piemonte,11.0,62.36363636363637,19.0,62.473684210526315,26.63157894736842,8.0,72.7,Eccellente
S0030,BRIDGE BOLOGNA,Emilia-Romagna,38.0,68.39473684210526,29.0,67.24137931034483,31.310344827586206,-9.0,-23.7,In Declino
S0034,BRIDGE BORDIGHERA,Liguria,7.0,67.42857142857143,6.0,68.83333333333333,44.5,-1.0,-14.3,In Declino
S0038,BRESCIA BRIDGE,Lombardia,34.0,71.75757575757575,15.0,66.33333333333333,15.933333333333334,-19.0,-55.9,Critico
S0039,BRIDGE BRINDISI,Puglia,3.0,73.66666666666667,0.0,,,-3.0,-100.0,Critico
S0044,BRIDGE CAGLIARI,Sardegna,2.0,65.5,13.0,68.23076923076923,7.384615384615385,11.0,550.0,Eccellente
S0050,BRIDGE CARRARA,Toscana,5.0,52.4,1.0,70.0,10.0,-4.0,-80.0,Critico
S0055,BRIDGE LA MARTESANA,Lombardia,4.0,73.0,0.0,,,-4.0,-100.0,Critico
S0058,BRIDGE CATANIA,Sicilia,21.0,70.9047619047619,2.0,62.0,10.5,-19.0,-90.5,Critico
S0059,BRIDGE CATANZARO,Calabria,6.0,76.16666666666667,8.0,65.25,23.5,2.0,33.3,Eccellente
S0066,BRIDGE CESENA,Emilia-Romagna,7.0,67.28571428571429,11.0,60.81818181818182,39.54545454545455,4.0,57.1,Eccellente
S0070,BRIDGE CHIAVARI,Liguria,10.0,74.5,10.0,76.1,6.7,0.0,0.0,Stabile
S0073,QUADRI LIVORNO,Toscana,1.0,46.0,0.0,,,-1.0,-100.0,Critico
S0074,,,0.0,,4.0,66.25,36.5,4.0,,
S0079,,,0.0,,6.0,66.33333333333333,3.3333333333333335,6.0,,
S0088,EMPOLI BRIDGE,Toscana,9.0,61.111111111111114,11.0,62.0,31.363636363636363,2.0,22.2,In Crescita
S0090,ESTE BRIDGE,Veneto,4.0,79.0,0.0,,,-4.0,-100.0,Critico
S0091,,,0.0,,12.0,62.0,10.583333333333334,12.0,,
S0102,BRIDGE FORLI',Emilia-Romagna,16.0,61.25,20.0,55.4,25.85,4.0,25.0,In Crescita
S0112,ASD POLISPORTIVA GRIFONE,Toscana,6.0,68.33333333333333,0.0,,,-6.0,-100.0,Critico
S0114,BR.SERSANTI-IMOLA,Emilia-Romagna,1.0,67.0,10.0,68.5,8.0,9.0,900.0,Eccellente
S0116,,,0.0,,4.0,71.5,6.75,4.0,,
S0120,,,0.0,,6.0,67.0,8.166666666666666,6.0,,
S0126,SPEZIA BRIDGE,Liguria,6.0,70.33333333333333,0.0,,,-6.0,-100.0,Critico
S0127,BRIDGE LATINA,Lazio,51.0,67.37254901960785,5.0,54.4,41.2,-46.0,-90.2,Critico
S0128,BRIDGE LECCE,Puglia,9.0,70.77777777777777,8.0,59.875,22.125,-1.0,-11.1,In Declino
S0130,BRIDGE LECCO,Lombardia,9.0,74.33333333333333,0.0,,,-9.0,-100.0,Critico
S0132,,,0.0,,14.0,67.71428571428571,21.357142857142858,14.0,,
S0136,,,0.0,,21.0,65.52380952380952,21.523809523809526,21.0,,
S0140,FANFULLA BRIDGE,Lombardia,3.0,66.33333333333333,0.0,,,-3.0,-100.0,Critico
S0141,BRIDGE LUCCA,Toscana,7.0,56.0,19.0,59.68421052631579,46.578947368421055,12.0,171.4,Eccellente
S0142,,,0.0,,8.0,68.625,17.875,8.0,,
S0143,BRIDGE MAGLIE,Puglia,7.0,75.57142857142857,4.0,62.5,26.5,-3.0,-42.9,Critico
S0144,MINCIO BRIDGE MANTOVA,Lombardia,6.0,73.5,0.0,,,-6.0,-100.0,Critico
S0149,C.LO BRIDGE MESTRE,Veneto,18.0,73.66666666666667,29.0,67.0,21.20689655172414,11.0,61.1,Eccellente
S0150,BRIDGE MESSINA,Sicilia,6.0,54.333333333333336,7.0,65.42857142857143,22.714285714285715,1.0,16.7,In Crescita
S0158,"BR.MODENA ""C.LO PERROUX""",Emilia-Romagna,9.0,67.44444444444444,7.0,66.42857142857143,4.428571428571429,-2.0,-22.2,In Declino
S0160,BRIDGE MONTECATINI,Toscana,2.0,53.5,12.0,59.333333333333336,26.166666666666668,10.0,500.0,Eccellente
S0162,MONZA BRIDGE,Lombardia,37.0,67.75675675675676,31.0,60.12903225806452,38.903225806451616,-6.0,-16.2,In Declino
S0168,C.LO BRIDGE NOVARA,Piemonte,4.0,61.25,17.0,62.588235294117645,9.941176470588236,13.0,325.0,Eccellente
S0170,CIRCOLO BRIDGE ORISTANO,Sardegna,18.0,70.72222222222223,1.0,74.0,23.0,-17.0,-94.4,Critico
S0173,,,0.0,,1.0,68.0,46.0,1.0,,
S0174,PADOVA BRIDGE,Veneto,16.0,66.4375,7.0,70.28571428571429,2.7142857142857144,-9.0,-56.2,Critico
S0178,ASS.BR.PALERMO,Sicilia,24.0,65.95833333333333,32.0,68.5625,36.5625,8.0,33.3,Eccellente
S0190,PESCARA BRIDGE,Abruzzo,10.0,71.9,20.0,72.05,18.35,10.0,100.0,Eccellente
S0196,BRIDGE PINEROLO,Piemonte,5.0,73.8,1.0,70.0,19.0,-4.0,-80.0,Critico
S0200,ASS.BRIDGE PISA,Toscana,1.0,76.0,4.0,67.5,40.0,3.0,300.0,Eccellente
S0202,BRIDGE PISTOIA,Toscana,21.0,68.23809523809524,8.0,63.75,33.375,-13.0,-61.9,Critico
S0209,BRIDGE PORDENONE,Friuli-Venezia Giulia,7.0,78.0,0.0,,,-7.0,-100.0,Critico
S0210,BRIDGE CLUB PRATO,Toscana,3.0,65.0,6.0,63.0,23.666666666666668,3.0,100.0,Eccellente
S0213,RECANATI BRIDGE,Marche,16.0,70.0625,7.0,55.0,26.571428571428573,-9.0,-56.2,Critico
S0214,C.BRIDGE N.DITTO  RC,Calabria,7.0,65.57142857142857,29.0,63.827586206896555,48.41379310344828,22.0,314.3,Eccellente
S0217,ASS.RIMINI BRIDGE,Emilia-Romagna,11.0,61.90909090909091,23.0,57.34782608695652,16.130434782608695,12.0,109.1,Eccellente
S0219,,,0.0,,16.0,66.9375,14.5625,16.0,,
S0220,GS.ROVERETO BRIDGE,TRT,2.0,78.0,6.0,65.83333333333333,11.5,4.0,200.0,Eccellente
S0223,BRIDGE CLUB LA VALLEE  ASD,VAO,2.0,66.5,5.0,63.2,28.2,3.0,150.0,Eccellente
S0224,C.LO BRIDGE SALERNO,Campania,10.0,61.6,0.0,,,-10.0,-100.0,Critico
S0229,BRIDGE BOLOGNA RASTIGNANO,Emilia-Romagna,20.0,73.8,16.0,62.0625,19.25,-4.0,-20.0,In Declino
S0232,,,0.0,,1.0,41.0,1.0,1.0,,
S0234,BRIDGE SASSARI,Sardegna,1.0,42.0,15.0,69.0,8.733333333333333,14.0,1400.0,Eccellente
S0236,,,0.0,,8.0,59.125,8.5,8.0,,
S0244,BRIDGE SENIGALLIA,Marche,4.0,73.25,2.0,61.0,13.5,-2.0,-50.0,Critico
S0248,SIENA BRIDGE,Toscana,8.0,60.375,21.0,67.33333333333333,14.714285714285714,13.0,162.5,Eccellente
S0258,TARANTO BRIDGE ASD,Puglia,3.0,55.0,0.0,,,-3.0,-100.0,Critico
S0266,ASS.BRIDGE TORINO,Piemonte,12.0,74.16666666666667,49.0,61.6530612244898,25.510204081632654,37.0,308.3,Eccellente
S0270,BRIDGE CLUB TRENTO,TRT,1.0,59.0,1.0,72.0,1.0,0.0,0.0,Stabile
S0272,,,0.0,,4.0,56.5,2.5,4.0,,
S0274,C.DEL BRIDGE TRIESTE,Friuli-Venezia Giulia,6.0,71.83333333333333,0.0,,,-6.0,-100.0,Critico
S0276,,,0.0,,22.0,61.13636363636363,7.090909090909091,22.0,,
S0280,,,0.0,,11.0,59.90909090909091,13.636363636363637,11.0,,
S0282,C.LO DEL BRIDGE VENEZIA,Veneto,1.0,79.0,18.0,64.0,16.77777777777778,17.0,1700.0,Eccellente
S0300,BRIDGE VITERBO,Lazio,7.0,73.0,0.0,,,-7.0,-100.0,Critico
S0305,LA ROTONDA BR.CLUB,Lazio,4.0,79.5,0.0,,,-4.0,-100.0,Critico
S0333,,,0.0,,1.0,,1.0,1.0,,
S0338,ANKON BRIDGE,Marche,8.0,63.375,4.0,62.5,2.0,-4.0,-50.0,Critico
S0339,LIGURIABRIDGE,Liguria,22.0,69.72727272727273,13.0,61.61538461538461,28.307692307692307,-9.0,-40.9,Critico
S0340,A.SP.BLUE BRIDGE RM,Lazio,2.0,56.5,0.0,,,-2.0,-100.0,Critico
S0341,PLANET BRIDGE,Lombardia,14.0,66.28571428571429,0.0,,,-14.0,-100.0,Critico
S0343,,,0.0,,21.0,65.85714285714286,11.333333333333334,21.0,,
S0344,,,0.0,,5.0,66.2,12.6,5.0,,
S0345,,,0.0,,4.0,53.0,8.25,4.0,,
S0349,A.BERGAMASCA BR.LORETO,Lombardia,10.0,71.4,17.0,64.70588235294117,29.764705882352942,7.0,70.0,Eccellente
S0366,ASS.BRIDGE SORA,Lazio,3.0,71.66666666666667,24.0,66.45833333333333,11.916666666666666,21.0,700.0,Eccellente
S0369,BRIDGE CHIARAVALLE,Marche,11.0,72.54545454545455,5.0,65.8,14.4,-6.0,-54.5,Critico
S0376,BRIDGE PARTENOPE,Campania,7.0,78.14285714285714,2.0,81.5,43.5,-5.0,-71.4,Critico
S0387,AURELIA BRIDGE CLUB,Lazio,2.0,77.0,0.0,,,-2.0,-100.0,Critico
S0401,,,0.0,,5.0,71.0,3.4,5.0,,
S0407,,,0.0,,5.0,62.6,27.2,5.0,,
S0409,,,0.0,,19.0,66.63157894736842,35.63157894736842,19.0,,
S0411,A.BR.NINO MARCON VE,Veneto,11.0,75.72727272727273,26.0,74.96153846153847,31.5,15.0,136.4,Eccellente
S0418,ROMA TOP BRIDGE,Lazio,42.0,76.80952380952381,0.0,,,-42.0,-100.0,Critico
S0429,APSD C.MAGISTRATI C.C.,Lazio,7.0,69.0,9.0,48.0,15.555555555555555,2.0,28.6,In Crescita
S0430,IDEA BRIDGE TORINO,Piemonte,15.0,65.2,23.0,63.04347826086956,19.608695652173914,8.0,53.3,Eccellente
S0437,G.B.R.L.BARBERA,Calabria,12.0,62.333333333333336,6.0,65.0,19.5,-6.0,-50.0,Critico
S0442,JUNIOR BRIDGE CLUB PG,Umbria,19.0,74.0,0.0,,,-19.0,-100.0,Critico
S0443,ANGOLO VERDE PG,Umbria,4.0,78.25,6.0,54.0,10.666666666666666,2.0,50.0,Eccellente
S0444,BRIDGE CLUB SIRACUSA,Sicilia,5.0,60.6,7.0,67.0,18.285714285714285,2.0,40.0,Eccellente
S0447,BRIDGE EUR  S.S.D. A R.L.,Lazio,35.0,65.14285714285714,0.0,,,-35.0,-100.0,Critico
S0449,,,0.0,,2.0,61.0,4.0,2.0,,
S0466,BRIDGE ICHNOS,Sardegna,22.0,74.22727272727273,48.0,66.77083333333333,24.541666666666668,26.0,118.2,Eccellente
S0472,BRIDGE FALCONARA,Marche,12.0,70.16666666666667,5.0,68.8,11.0,-7.0,-58.3,Critico
S0479,,,0.0,,4.0,71.25,2.25,4.0,,
S0482,S.C.CANOTTIERI TICINO A R.L.,Lombardia,1.0,77.0,10.0,66.5,20.8,9.0,900.0,Eccellente
S0503,BRIDGE INSTITUTE 2000,Lombardia,51.0,67.76470588235294,14.0,64.0,9.785714285714286,-37.0,-72.5,Critico
S0504,BRIDGE JESI,Marche,9.0,67.11111111111111,12.0,63.833333333333336,26.166666666666668,3.0,33.3,Eccellente
S0505,BRIDGE TONARA,Sardegna,2.0,74.0,0.0,,,-2.0,-100.0,Critico
S0508,,,0.0,,2.0,62.5,13.0,2.0,,
S0510,MES AMIS,Puglia,9.0,57.0,0.0,,,-9.0,-100.0,Critico
S0524,ROSSINI BR.PESARO,Marche,8.0,61.875,29.0,67.06896551724138,16.413793103448278,21.0,262.5,Eccellente
S0532,BR.ASS.COMOCANTUHELIOS,Lombardia,12.0,77.83333333333333,6.0,64.66666666666667,11.333333333333334,-6.0,-50.0,Critico
S0539,NUOVO BRIDGE INSIEME,Lazio,15.0,66.4,0.0,,,-15.0,-100.0,Critico
S0546,CIRCOLO DEL BRIDGE FI,Toscana,10.0,62.4,13.0,53.38461538461539,9.692307692307692,3.0,30.0,In Crescita
S0558,QUARTU S.ELENA BR.,Sardegna,9.0,79.0,12.0,73.41666666666667,30.916666666666668,3.0,33.3,Eccellente
S0559,BRIDGE MARTINA,Puglia,5.0,58.2,13.0,59.15384615384615,22.923076923076923,8.0,160.0,Eccellente
S0566,CIRCOLO BRIDGE CAGLI,Marche,7.0,76.0,9.0,66.88888888888889,23.77777777777778,2.0,28.6,In Crescita
S0576,C.TENNIS E DELLA VELA ASD,Sicilia,5.0,68.8,6.0,68.5,55.833333333333336,1.0,20.0,In Crescita
S0577,BRIDGE 3A S.S.D. A R.L.,Lazio,22.0,68.81818181818181,0.0,,,-22.0,-100.0,Critico
S0578,BRIDGE FARNESE PIACENZA,Emilia-Romagna,21.0,67.52380952380952,29.0,62.41379310344828,33.241379310344826,8.0,38.1,Eccellente
S0583,ASD TENNIS ROMA,Lazio,6.0,72.0,0.0,,,-6.0,-100.0,Critico
S0584,ASD CLUB VILLA BORGHESE,Lazio,3.0,75.0,0.0,,,-3.0,-100.0,Critico
S0585,MONDELLO BRIDGE ASD,Sicilia,16.0,67.375,6.0,70.83333333333333,14.833333333333334,-10.0,-62.5,Critico
S0588,C.LO CITTADINO VERONA BRIDGE,Veneto,9.0,71.66666666666667,0.0,,,-9.0,-100.0,Critico
S0593,C.LO BRIDGE RESEGONE,Lombardia,1.0,62.0,0.0,,,-1.0,-100.0,Critico
S0594,CIRCOLO EREMITANI,Veneto,32.0,75.96875,17.0,62.76470588235294,28.235294117647058,-15.0,-46.9,Critico
S0596,VIAREGGIO VERSILIA BR. A.S.D.,Toscana,18.0,58.388888888888886,3.0,60.333333333333336,2.3333333333333335,-15.0,-83.3,Critico
S0598,OLGIATA GOLF CLUB A.D.,Lazio,3.0,83.0,11.0,64.63636363636364,33.0,8.0,266.7,Eccellente
S0605,BRIDGE CLUB PETRARCA,Campania,4.0,67.75,0.0,,,-4.0,-100.0,Critico
S0606,DUE FIORI BRIDGE,Campania,7.0,72.85714285714286,0.0,,,-7.0,-100.0,Critico
S0611,,,0.0,,8.0,68.75,28.0,8.0,,
S0624,SPORT CLUB  DIL. RAPID,Emilia-Romagna,18.0,70.33333333333333,25.0,57.92,20.92,7.0,38.9,Eccellente
S0632,,,0.0,,2.0,71.0,1.0,2.0,,
S0635,C.PORTA SUSA A.S.D.,Piemonte,2.0,59.0,19.0,63.94736842105263,59.1578947368421,17.0,850.0,Eccellente
S0637,,,0.0,,3.0,77.33333333333333,9.666666666666666,3.0,,
S0640,QUELLI CHE IL BRIDGE ...,Lombardia,6.0,67.33333333333333,5.0,52.0,6.4,-1.0,-16.7,In Declino
S0644,ACCADEMIA DEL BRIDGE,Lazio,10.0,72.55555555555556,0.0,,,-10.0,-100.0,Critico
S0646,,,0.0,,13.0,62.69230769230769,2.4615384615384617,13.0,,
S0662,RAVENNA BRIDGE,Emilia-Romagna,22.0,70.5909090909091,49.0,62.40816326530612,28.163265306122447,27.0,122.7,Eccellente
S0663,TENNIS CLUB PAVIA ASD,Lombardia,6.0,74.66666666666667,0.0,,,-6.0,-100.0,Critico
S0666,,,0.0,,3.0,65.66666666666667,9.333333333333334,3.0,,
S0667,SOC.CANOTTIERI CAPRERA ASD,Piemonte,1.0,71.0,0.0,,,-1.0,-100.0,Critico
S0672,,,0.0,,15.0,64.4,1.3333333333333333,15.0,,
S0673,,,0.0,,4.0,74.5,32.0,4.0,,
S0674,ALESSANDRIA BRIDGE A.S.D.,Piemonte,3.0,66.33333333333333,5.0,48.4,6.8,2.0,66.7,Eccellente
S0680,BRIDGE CONVIVIUM,Sicilia,4.0,60.5,20.0,60.85,21.1,16.0,400.0,Eccellente
S0694,FERRARA  BRIDGE E BURRACO,Emilia-Romagna,4.0,53.75,23.0,66.34782608695652,11.26086956521739,19.0,475.0,Eccellente
S0695,PALLADIO BRIDGE,Veneto,1.0,77.0,2.0,68.0,15.0,1.0,100.0,Eccellente
S0699,,,0.0,,8.0,67.5,18.25,8.0,,
S0708,TEX BRIDGE,Lazio,3.0,70.33333333333333,9.0,66.66666666666667,8.333333333333334,6.0,200.0,Eccellente
S0711,ASD CIRCOLO BOCCIOFILA LIDO,Liguria,32.0,69.09375,0.0,,,-32.0,-100.0,Critico
S0713,HELVIA CLUANA,Marche,6.0,65.5,6.0,58.666666666666664,19.666666666666668,0.0,0.0,Stabile
S0714,POGGIO BRIDGE,Sardegna,11.0,69.63636363636364,8.0,58.875,32.375,-3.0,-27.3,In Declino
S0715,,,0.0,,13.0,68.07692307692308,3.4615384615384617,13.0,,
S0716,C.LO CANOTTIERI NAPOLI A.S.D.,Campania,8.0,70.625,5.0,67.8,18.6,-3.0,-37.5,Critico
S0719,IL BRIDGE,Lombardia,34.0,63.411764705882355,27.0,62.074074074074076,6.37037037037037,-7.0,-20.6,In Declino
S0722,ETNA BRIDGE SSD A R.L.,Sicilia,28.0,67.71428571428571,22.0,64.36363636363636,35.72727272727273,-6.0,-21.4,In Declino
S0723,GLI SPORT DELLA MENTE ASD,Umbria,14.0,71.28571428571429,0.0,,,-14.0,-100.0,Critico
S0726,APD TENNIS CLUB PRESIDENT,Emilia-Romagna,5.0,66.6,0.0,,,-5.0,-100.0,Critico
S0727,BRIDGE CLUB DELFINI JONICI,Puglia,24.0,67.25,14.0,64.92857142857143,15.714285714285714,-10.0,-41.7,Critico
S0729,ARCADIA BENBRIDGE SSD A R.L.,Lazio,61.0,70.81967213114754,0.0,,,-61.0,-100.0,Critico
S0730,LATINA PROGETTO BRIDGE,Lazio,28.0,61.642857142857146,0.0,,,-28.0,-100.0,Critico
S0731,M. AMMENDOLIA ASD,Sicilia,16.0,75.75,0.0,,,-16.0,-100.0,Critico
S0734,CIRCOLO TEVERE BRIDGE A.S.D.,Lazio,32.0,74.8125,44.0,64.18181818181819,15.931818181818182,12.0,37.5,Eccellente
S0737,,,0.0,,31.0,64.51612903225806,7.612903225806452,31.0,,
S0738,,,0.0,,1.0,65.0,1.0,1.0,,
S0740,ASD GOLF CLUB VILLA CAROLINA,Piemonte,7.0,73.85714285714286,0.0,,,-7.0,-100.0,Critico
S0741,NUOVO TUSCOLO SP.CL.SSD A RL,Lazio,28.0,73.89285714285714,0.0,,,-28.0,-100.0,Critico
S0744,,,0.0,,7.0,65.14285714285714,11.0,7.0,,
S0745,CECINA BRIDGE,Toscana,21.0,74.0,14.0,62.42857142857143,9.142857142857142,-7.0,-33.3,Critico
S0747,,,0.0,,5.0,70.0,11.4,5.0,,
S0748,BRIDGE LAMEZIA TERME,Calabria,4.0,63.25,0.0,,,-4.0,-100.0,Critico
S0750,BRIDGE FIOCCHI ASD,Lombardia,1.0,56.0,0.0,,,-1.0,-100.0,Critico
S0752,BELLAVISTA BRIDGE CLUB A.S.D.,Veneto,3.0,57.666666666666664,0.0,,,-3.0,-100.0,Critico
S0753,BRIDGE SELARGIUS,Sardegna,42.0,68.92857142857143,36.0,65.75,38.02777777777778,-6.0,-14.3,In Declino
S0754,BRIDGE CUSANO MILANINO,Lombardia,12.0,72.91666666666667,1.0,66.0,11.0,-11.0,-91.7,Critico
S0758,,,0.0,,1.0,70.0,13.0,1.0,,
S0762,,,0.0,,8.0,70.5,23.125,8.0,,
S0763,,,0.0,,1.0,70.0,3.0,1.0,,
S0766,,,0.0,,6.0,59.666666666666664,37.166666666666664,6.0,,
S0768,,,0.0,,4.0,66.5,15.25,4.0,,
S0769,,,0.0,,17.0,67.6470588235294,5.470588235294118,17.0,,
S0773,,,0.0,,6.0,61.333333333333336,21.333333333333332,6.0,,
S0778,,,0.0,,22.0,64.81818181818181,6.636363636363637,22.0,,
S0781,,,0.0,,5.0,69.0,18.6,5.0,,
S0786,,,0.0,,17.0,67.47058823529412,11.176470588235293,17.0,,
S0787,,,0.0,,40.0,64.35,8.275,40.0,,
S0789,,,0.0,,17.0,69.94117647058823,16.764705882352942,17.0,,
S0791,,,0.0,,6.0,69.83333333333333,13.666666666666666,6.0,,
S0793,,,0.0,,45.0,65.4888888888889,55.22222222222222,45.0,,
S0795,,,0.0,,1.0,82.0,3.0,1.0,,
S0796,,,0.0,,9.0,69.77777777777777,53.55555555555556,9.0,,
S0797,,,0.0,,1.0,68.0,7.0,1.0,,
S0805,,,0.0,,6.0,64.83333333333333,8.5,6.0,,
S0807,,,0.0,,25.0,57.96,18.92,25.0,,
S0808,,,0.0,,13.0,71.3076923076923,14.0,13.0,,
S0810,,,0.0,,33.0,66.0,9.272727272727273,33.0,,
S1601,CIRCOLO BRIDGE CATANIA,Sicilia,11.0,72.0909090909091,0.0,,,-11.0,-100.0,Critico
T0409,,,0.0,,11.0,38.81818181818182,1.2727272727272727,11.0,,
T0928,ESTERI GRATUITI             ,   ,1.0,,0.0,,,-1.0,-100.0,Critico
T0996,F.I.G.B.                    ,FIB,1.0,100.0,55.0,78.0,2.0,54.0,5400.0,Eccellente
T0998,E.T.D.SECONDARIO            ,   ,32.0,81.625,27.0,78.5925925925926,19.88888888888889,-5.0,-15.6,In Declino
