Circolo,Regione,Tesserati2017,Tesserati2025,Variazione,Variazione%,Retention%,ScuolaBridge2025,EtaMedia,GareMediae
F0214,CAB,51,40,-11,-21.6,68.1,0,67.4,45.0
F0266,PIE,234,186,-48,-20.5,80.6,0,73.8,74.0
F0345,TOS,46,46,0,0.0,83.0,0,73.8,76.5
F0038,LOM,98,87,-11,-11.2,89.7,0,73.5,54.4
F0248,TOS,37,36,-1,-2.7,87.2,0,65.7,26.8
F0624,EMI,130,117,-13,-10.0,89.0,0,71.3,74.4
F0524,MAR,58,69,11,19.0,95.3,0,70.8,55.5
F0344,PUG,14,19,5,35.7,85.0,0,68.7,17.7
F0112,TOS,59,45,-14,-23.7,81.8,0,73.4,37.7
F0274,FRI,116,104,-12,-10.3,95.7,0,76.0,66.4
F0437,CAB,25,19,-6,-24.0,66.7,0,64.3,50.1
F0444,SIC,77,61,-16,-20.8,96.6,0,74.1,84.2
F0432,VEN,37,29,-8,-21.6,91.3,0,79.4,10.2
F0178,SIC,90,89,-1,-1.1,91.4,0,73.8,110.2
F0411,VEN,83,62,-21,-25.3,88.3,0,77.0,121.1
F0672,LOM,188,51,-137,-72.9,90.0,0,74.0,45.3
F0546,TOS,120,117,-3,-2.5,88.4,0,70.8,40.1
F0734,LAZ,164,101,-63,-38.4,53.5,0,72.7,56.2
F0694,EMI,52,40,-12,-23.1,73.9,0,71.0,28.0
F0202,TOS,52,60,8,15.4,90.6,0,68.1,45.4
F0079,LOM,46,17,-29,-63.0,93.3,0,63.1,26.5
F0213,MAR,31,36,5,16.1,86.8,0,69.8,34.4
F0339,LIG,229,68,-161,-70.3,90.6,0,71.0,40.3
S0217,EMI,11,23,12,109.1,35.3,23,57.3,16.1
F0234,SAR,67,43,-24,-35.8,95.2,0,74.6,37.4
S0503,LOM,51,14,-37,-72.5,36.4,14,64.0,9.8
S0038,LOM,34,15,-19,-55.9,16.7,15,66.3,15.9
F0142,MAR,26,18,-8,-30.8,76.2,0,69.5,22.1
F0719,LOM,212,143,-69,-32.5,75.7,0,72.1,38.1
F0442,UMB,61,68,7,11.5,88.6,0,77.0,57.4
F0503,LOM,170,261,91,53.5,77.0,0,75.7,56.7
S0202,TOS,21,8,-13,-61.9,57.1,8,63.8,33.4
F0674,PIE,74,68,-6,-8.1,85.9,0,69.5,40.6
F0644,LAZ,169,58,-111,-65.7,55.9,0,72.7,71.9
F0635,PIE,232,125,-107,-46.1,50.5,0,74.7,70.9
F0596,TOS,90,55,-35,-38.9,83.0,0,69.4,60.0
S0727,PUG,24,14,-10,-41.7,85.7,14,64.9,15.7
F0174,VEN,132,117,-15,-11.4,93.6,0,73.2,83.1
F0472,MAR,62,38,-24,-38.7,89.7,0,71.7,29.3
F0090,VEN,38,32,-6,-15.8,88.2,0,77.6,27.6
F0453,LOM,66,36,-30,-45.5,84.2,0,81.6,58.4
F0223,VAO,39,29,-10,-25.6,93.3,0,72.5,57.1
F0282,VEN,87,53,-34,-39.1,86.5,0,78.1,74.7
F0346,BAS,20,20,0,0.0,86.4,0,78.6,10.3
F0162,LOM,112,140,28,25.0,84.1,0,68.0,48.6
F0280,LOM,90,85,-5,-5.6,89.3,0,72.6,59.2
F0149,VEN,102,83,-19,-18.6,91.1,0,76.3,69.7
F0646,LIG,68,91,23,33.8,71.3,0,72.4,39.0
F0376,CAM,55,37,-18,-32.7,78.8,0,70.0,51.4
S0210,TOS,3,6,3,100.0,60.0,6,63.0,23.7
S0532,LOM,12,6,-6,-50.0,50.0,6,64.7,11.3
F0102,EMI,133,98,-35,-26.3,91.8,0,71.2,62.2
F0513,PIE,13,5,-8,-61.5,66.7,0,66.4,6.8
F0338,MAR,64,72,8,12.5,78.8,0,75.2,45.1
F0251,UMB,17,49,32,188.2,93.6,0,76.3,20.1
F0343,LOM,80,45,-35,-43.8,80.0,0,73.6,52.1
F0711,LIG,67,41,-26,-38.8,77.3,0,67.7,70.4
F0474,LIG,16,7,-9,-56.2,77.8,0,59.1,43.4
S0466,SAR,22,48,26,118.2,58.8,48,66.8,24.5
F0429,LAZ,19,34,15,78.9,81.2,0,74.6,20.9
F0004,LIG,63,28,-35,-55.6,100.0,0,74.6,74.5
F0158,EMI,107,114,7,6.5,94.1,0,75.3,40.5
F0640,LOM,35,18,-17,-48.6,69.6,0,67.8,49.0
F0326,LOM,78,48,-30,-38.5,85.7,0,83.1,62.9
F0217,EMI,90,80,-10,-11.1,85.5,0,69.2,38.9
F0737,LOM,213,144,-69,-32.4,74.6,0,73.9,58.0
F0742,VEN,29,32,3,10.3,78.1,0,81.2,43.4
F0150,SIC,31,35,4,12.9,80.6,0,71.0,70.8
F0368,SIC,54,26,-28,-51.9,88.5,0,79.9,47.9
F0585,SIC,95,57,-38,-40.0,86.0,0,70.4,53.1
S0127,LAZ,51,5,-46,-90.2,100.0,5,54.4,41.2
F0504,MAR,40,40,0,0.0,100.0,0,71.1,62.3
F0731,SIC,55,30,-25,-45.5,81.2,0,78.1,78.0
F0409,PIE,22,75,53,240.9,90.0,0,72.7,67.5
F0449,LOM,44,14,-30,-68.2,76.5,0,67.8,9.3
F0095,MAR,16,8,-8,-50.0,53.8,0,62.8,7.2
F0598,LAZ,49,42,-7,-14.3,78.6,0,76.7,81.4
F0026,LOM,128,82,-46,-35.9,77.5,0,69.4,49.5
F0430,PIE,114,69,-45,-39.5,74.4,0,67.9,57.9
F0532,LOM,97,63,-34,-35.1,89.4,0,75.7,53.1
F0059,CAB,74,51,-23,-31.1,91.5,0,72.9,46.7
F0753,SAR,38,79,41,107.9,84.9,0,70.8,58.1
S0714,SAR,11,8,-3,-27.3,60.0,8,58.9,32.4
S0694,EMI,4,23,19,475.0,71.4,23,66.3,11.3
F0578,EMI,62,75,13,21.0,94.4,0,72.1,55.3
F0088,TOS,62,62,0,0.0,86.8,0,70.2,38.0
F0080,LOM,47,45,-2,-4.3,80.5,0,70.8,18.2
F0333,TOS,9,12,3,33.3,85.7,0,76.6,21.2
F0022,VEN,32,6,-26,-81.2,75.0,0,76.8,4.2
F0720,LAZ,37,52,15,40.5,67.3,0,64.2,24.9
F0708,LAZ,95,58,-37,-38.9,33.3,0,68.1,48.6
F0390,TOS,32,36,4,12.5,86.5,0,67.8,35.1
F0210,TOS,28,29,1,3.6,82.4,0,74.6,29.0
F0229,EMI,135,88,-47,-34.8,82.8,0,69.8,57.9
F0634,LOM,31,34,3,9.7,84.6,0,66.3,20.5
F0030,EMI,279,157,-122,-43.7,84.2,0,71.4,76.6
F0032,TRB,37,23,-14,-37.8,59.5,0,73.4,20.0
F0576,SIC,27,51,24,88.9,84.6,0,73.5,79.5
S0168,PIE,4,17,13,325.0,46.2,17,62.6,9.9
F0058,SIC,51,72,21,41.2,89.4,0,69.5,98.1
F0541,LAZ,12,3,-9,-75.0,50.0,0,75.7,2.3
F0747,MAR,21,16,-5,-23.8,93.3,0,75.5,55.6
S0026,LOM,16,24,8,50.0,57.1,24,65.1,19.8
F0594,VEN,177,94,-83,-46.9,82.7,0,76.4,77.9
F0128,PUG,56,44,-12,-21.4,91.1,0,73.8,28.4
S0578,EMI,21,29,8,38.1,81.8,29,62.4,33.2
F0168,PIE,40,52,12,30.0,90.6,0,68.3,42.5
F0220,TRT,35,44,9,25.7,88.6,0,77.0,22.1
F0591,TOS,33,19,-14,-42.4,85.0,0,72.5,32.3
F0649,VEN,31,21,-10,-32.3,76.2,0,76.9,7.5
F0120,PIE,44,54,10,22.7,78.2,0,72.9,36.8
F0508,PIE,22,19,-3,-13.6,73.1,0,71.6,20.3
F0270,TRT,50,52,2,4.0,95.7,0,75.3,39.0
F0583,LAZ,60,69,9,15.0,77.9,0,79.4,63.6
F0588,VEN,104,54,-50,-48.1,71.6,0,72.3,38.7
F0024,PIE,53,54,1,1.9,100.0,0,74.6,73.1
S0088,TOS,9,11,2,22.2,100.0,11,62.0,31.4
F0028,PIE,70,62,-8,-11.4,86.6,0,73.6,58.5
F0748,CAB,18,11,-7,-38.9,71.4,0,72.5,10.5
C0202,TOS,1,1,0,0.0,0.0,0,23.0,15.0
F0443,UMB,30,26,-4,-13.3,80.8,0,72.5,52.0
F0707,LAZ,38,36,-2,-5.3,55.8,0,77.1,27.7
F0715,LOM,57,53,-4,-7.0,73.8,0,79.4,18.7
F0050,TOS,48,45,-3,-6.2,92.9,0,73.4,55.0
F0070,LIG,66,62,-4,-6.1,93.1,0,72.0,43.3
F0611,PUG,29,43,14,48.3,76.3,0,75.7,28.2
F0140,LOM,35,8,-27,-77.1,100.0,0,73.5,46.0
F0466,SAR,172,110,-62,-36.0,92.3,0,72.8,62.9
S0162,LOM,37,31,-6,-16.2,62.1,31,60.1,38.9
F0200,TOS,46,79,33,71.7,72.3,0,69.4,38.5
F0144,LOM,40,20,-20,-50.0,88.9,0,75.4,31.8
S0229,EMI,20,16,-4,-20.0,71.4,16,62.1,19.2
F0595,CAM,24,36,12,50.0,77.8,0,75.4,29.6
F0349,LOM,62,63,1,1.6,79.1,0,71.4,57.9
S0248,TOS,8,21,13,162.5,90.9,21,67.3,14.7
F0473,FRI,13,13,0,0.0,54.5,0,69.3,30.2
F0132,LOM,111,74,-37,-33.3,86.8,0,72.3,55.7
F0681,LOM,104,59,-45,-43.3,50.5,0,81.9,32.8
F0385,LAZ,85,97,12,14.1,67.0,0,76.4,32.8
F0438,EMI,45,29,-16,-35.6,87.1,0,79.3,59.7
F0114,EMI,7,32,25,357.1,86.1,0,74.3,16.1
F0322,LOM,71,101,30,42.3,67.9,0,77.7,25.5
F0558,SAR,85,62,-23,-27.1,84.7,0,75.7,78.2
F0039,PUG,48,17,-31,-64.6,50.0,0,73.6,3.4
F0369,MAR,33,22,-11,-33.3,91.3,0,72.5,75.5
F0100,UMB,15,11,-4,-26.7,100.0,0,73.4,42.1
F0116,LIG,17,14,-3,-17.6,76.5,0,75.3,23.0
F0666,PIE,30,18,-12,-40.0,61.9,0,79.1,7.7
C0026,LOM,1,1,0,0.0,0.0,0,22.0,21.0
F0662,EMI,29,59,30,103.4,96.3,0,68.3,58.5
F0215,EMI,23,21,-2,-8.7,78.3,0,70.8,45.7
F0528,SIC,40,26,-14,-35.0,77.4,0,73.5,54.2
F0023,VEN,14,7,-7,-50.0,100.0,0,68.3,2.9
S0213,MAR,16,7,-9,-56.2,57.1,7,55.0,26.6
F0135,LOM,25,7,-18,-72.0,63.6,0,74.1,24.1
F0341,LOM,41,34,-7,-17.1,90.9,0,72.2,42.6
F0559,PUG,31,28,-3,-9.7,76.7,0,68.2,49.3
F0718,SAR,44,24,-20,-45.5,95.7,0,70.0,46.4
F0714,SAR,20,23,3,15.0,80.8,0,70.1,54.5
F0044,SAR,45,42,-3,-6.7,92.3,0,76.5,86.4
F0556,EMI,64,31,-33,-51.6,90.6,0,76.6,88.0
S0149,VEN,18,29,11,61.1,48.4,29,67.0,21.2
S0369,MAR,11,5,-6,-54.5,66.7,5,65.8,14.4
F0233,CAM,13,13,0,0.0,70.0,0,72.3,10.8
F0253,CAM,34,35,1,2.9,89.5,0,70.1,37.3
S0339,LIG,22,13,-9,-40.9,50.0,13,61.6,28.3
S0594,VEN,32,17,-15,-46.9,28.6,17,62.8,28.2
F0673,LAZ,17,31,14,82.4,76.5,0,79.2,42.5
S0028,PIE,11,19,8,72.7,84.6,19,62.5,26.6
F0034,LIG,58,61,3,5.2,78.6,0,73.0,72.1
C0102,EMI,1,2,1,100.0,0.0,0,11.0,22.5
F0642,EMI,48,37,-11,-22.9,83.3,0,71.5,44.4
S0662,EMI,22,49,27,122.7,56.9,49,62.4,28.2
F0219,LAZ,20,20,0,0.0,100.0,0,78.0,22.6
F0129,LOM,35,18,-17,-48.6,83.3,0,73.4,51.6
S0034,LIG,7,6,-1,-14.3,66.7,6,68.8,44.5
F0141,TOS,89,84,-5,-5.6,84.7,0,71.7,64.0
F0126,LIG,71,29,-42,-59.2,95.5,0,78.4,23.9
C0722,SIC,7,4,-3,-42.9,0.0,0,11.5,2.2
F0716,CAM,10,20,10,100.0,63.2,0,74.2,29.6
F0066,EMI,36,46,10,27.8,83.0,0,69.8,67.1
F0127,LAZ,45,78,33,73.3,97.2,0,68.6,46.2
F0704,PIE,8,9,1,12.5,100.0,0,69.6,17.2
F0632,EMI,14,37,23,164.3,81.5,0,67.7,53.6
F0017,CAM,17,6,-11,-64.7,66.7,0,68.2,16.2
F0240,LIG,15,13,-2,-13.3,64.3,0,68.0,5.2
F0196,PIE,61,68,7,11.5,91.4,0,74.5,53.8
F0055,LOM,59,47,-12,-20.3,82.0,0,78.2,20.0
F0653,CAB,30,22,-8,-26.7,60.9,0,78.0,14.5
F0618,EMI,42,22,-20,-47.6,82.6,0,74.4,46.6
F0403,PIE,18,18,0,0.0,94.4,0,60.4,40.9
F0680,SIC,102,62,-40,-39.2,82.1,0,74.2,87.6
F0699,CAM,31,28,-3,-9.7,91.3,0,74.1,29.9
S0745,TOS,21,14,-7,-33.3,0.0,14,62.4,9.1
F0074,LAZ,10,27,17,170.0,82.8,0,75.7,57.9
S0102,EMI,16,20,4,25.0,66.7,20,55.4,25.8
S0174,VEN,16,7,-9,-56.2,41.7,7,70.3,2.7
S0158,EMI,9,7,-2,-22.2,9.1,7,66.4,4.4
F0745,TOS,21,42,21,100.0,93.3,0,72.8,32.4
F0244,MAR,38,24,-14,-36.8,88.9,0,72.8,34.8
F0143,PUG,25,28,3,12.0,88.5,0,68.2,40.9
F0679,PIE,36,35,-1,-2.8,80.6,0,76.1,28.9
S0030,EMI,38,29,-9,-23.7,62.5,29,67.2,31.3
S0624,EMI,18,25,7,38.9,66.7,25,57.9,20.9
S0640,LOM,6,5,-1,-16.7,100.0,5,52.0,6.4
F0656,PIE,31,14,-17,-54.8,71.4,0,80.5,35.8
F0744,VEN,24,15,-9,-37.5,76.5,0,70.7,35.6
F0407,CAB,29,22,-7,-24.1,91.7,0,76.6,47.5
F0637,LAZ,52,39,-13,-25.0,76.5,0,75.2,24.8
F0566,MAR,22,27,5,22.7,81.5,0,69.4,46.1
F0631,LAZ,12,42,30,250.0,39.6,0,78.6,21.5
F0482,LOM,25,47,22,88.0,84.0,0,68.3,24.8
F0479,VEN,16,18,2,12.5,82.4,0,70.1,8.1
F0758,VEN,9,27,18,200.0,84.2,0,77.5,23.5
S0411,VEN,11,26,15,136.4,70.0,26,75.0,31.5
S0472,MAR,12,5,-7,-58.3,0.0,5,68.8,11.0
T0998,   ,32,27,-5,-15.6,0.0,3,78.6,19.9
F0190,ABR,69,72,3,4.3,88.9,0,70.1,47.6
F0448,LAZ,16,1,-15,-93.8,6.2,0,81.0,42.0
S0598,LAZ,3,11,8,266.7,63.6,11,64.6,33.0
F0091,PUG,31,30,-1,-3.2,93.1,0,71.0,38.0
S0754,LOM,12,1,-11,-91.7,10.0,1,66.0,11.0
S0050,TOS,5,1,-4,-80.0,16.7,1,70.0,10.0
F0232,VEN,16,12,-4,-25.0,90.0,0,76.5,24.1
S0722,SIC,28,22,-6,-21.4,55.6,22,64.4,35.7
F0160,TOS,29,27,-2,-6.9,89.7,0,68.9,42.6
S0716,CAM,8,5,-3,-37.5,100.0,5,67.8,18.6
F0272,VEN,37,24,-13,-35.1,91.3,0,67.2,28.5
F0224,CAM,51,48,-3,-5.9,86.3,0,71.7,38.2
F0216,EMI,23,20,-3,-13.0,80.0,0,66.0,50.5
S0178,SIC,24,32,8,33.3,77.3,32,68.6,36.6
F0713,MAR,30,30,0,0.0,76.7,0,75.7,27.4
F0236,EMI,15,27,12,80.0,92.6,0,68.9,17.0
F0645,LOM,6,9,3,50.0,75.0,0,70.1,11.9
S0128,PUG,9,8,-1,-11.1,66.7,8,59.9,22.1
S0753,SAR,42,36,-6,-14.3,79.4,36,65.8,38.0
S0338,MAR,8,4,-4,-50.0,50.0,4,62.5,2.0
F0695,VEN,32,38,6,18.8,89.7,0,72.7,29.7
F0417,MAR,41,28,-13,-31.7,96.6,0,79.2,56.2
F0606,CAM,37,18,-19,-51.4,62.1,0,65.9,43.6
F0751,SIC,20,29,9,45.0,67.6,0,64.9,30.1
F0722,SIC,99,116,17,17.2,88.9,0,65.5,64.1
S0349,LOM,10,17,7,70.0,58.8,17,64.7,29.8
F0082,PIE,16,8,-8,-50.0,100.0,0,71.1,22.5
S0058,SIC,21,2,-19,-90.5,20.0,2,62.0,10.5
S0266,PIE,12,49,37,308.3,57.1,49,61.7,25.5
F0727,PUG,35,49,14,40.0,90.4,0,70.9,36.6
S0524,MAR,8,29,21,262.5,45.5,29,67.1,16.4
F0170,SAR,43,31,-12,-27.9,89.3,0,70.9,44.4
F0392,TRT,20,12,-8,-40.0,64.3,0,70.3,5.7
F0754,LOM,14,44,30,214.3,78.0,0,76.0,44.9
F0276,FRI,56,39,-17,-30.4,91.2,0,71.7,26.8
F0500,ABR,18,14,-4,-22.2,66.7,0,72.5,47.1
S0223,VAO,2,5,3,150.0,33.3,5,63.2,28.2
S0430,PIE,15,23,8,53.3,65.0,23,63.0,19.6
F0705,LAZ,29,17,-12,-41.4,75.0,0,77.1,3.8
F0061,MOL,25,2,-23,-92.0,66.7,0,73.5,10.5
S0504,MAR,9,12,3,33.3,46.2,12,63.8,26.2
S0429,LAZ,7,9,2,28.6,88.9,9,48.0,15.6
S0596,TOS,18,3,-15,-83.3,0.0,3,60.3,2.3
F0685,LIG,10,35,25,250.0,71.8,0,72.4,28.1
S0674,PIE,3,5,2,66.7,25.0,5,48.4,6.8
F0701,LAZ,37,95,58,156.8,77.5,0,76.5,44.5
F0136,TOS,10,126,116,1160.0,92.5,0,73.6,71.8
S0558,SAR,9,12,3,33.3,100.0,12,73.4,30.9
F0301,SIC,25,13,-12,-48.0,92.3,0,64.9,6.0
S0708,LAZ,3,9,6,200.0,0.0,9,66.7,8.3
S0141,TOS,7,19,12,171.4,56.0,19,59.7,46.6
C0734,LAZ,2,20,18,900.0,42.9,0,17.0,1.9
S0576,SIC,5,6,1,20.0,25.0,6,68.5,55.8
C0217,EMI,2,14,12,600.0,100.0,0,14.1,2.7
S0170,SAR,18,1,-17,-94.4,0.0,1,74.0,23.0
F0366,LAZ,10,19,9,90.0,86.4,0,69.8,25.2
S0719,LOM,34,27,-7,-20.6,52.4,27,62.1,6.4
C0546,TOS,2,1,-1,-50.0,0.0,0,0.0,5.0
S0566,MAR,7,9,2,28.6,40.0,9,66.9,23.8
F0510,PUG,24,22,-2,-8.3,91.3,0,69.9,46.0
S0559,PUG,5,13,8,160.0,76.9,13,59.2,22.9
S0734,LAZ,32,44,12,37.5,41.9,44,64.2,15.9
S0070,LIG,10,10,0,0.0,71.4,10,76.1,6.7
F0762,ABR,8,57,49,612.5,83.3,0,74.2,46.8
C0674,PIE,3,1,-2,-66.7,0.0,0,22.0,2.0
S0214,CAB,7,29,22,314.3,59.3,29,63.8,48.4
S0585,SIC,16,6,-10,-62.5,0.0,6,70.8,14.8
F0505,SAR,18,25,7,38.9,95.7,0,64.6,11.9
F0692,CAB,33,25,-8,-24.2,70.0,0,73.2,37.0
S0143,PUG,7,4,-3,-42.9,33.3,4,62.5,26.5
F0663,LOM,22,6,-16,-72.7,100.0,0,75.8,19.3
F0204,TOS,21,31,10,47.6,90.0,0,78.6,34.7
S0437,CAB,12,6,-6,-50.0,85.7,6,65.0,19.5
F0743,CAM,12,14,2,16.7,36.8,0,48.1,18.4
S0444,SIC,5,7,2,40.0,100.0,7,67.0,18.3
F0173,VEN,6,9,3,50.0,53.8,0,69.7,31.0
F0550,TOS,19,33,14,73.7,65.9,0,68.3,19.3
F0696,SIC,13,12,-1,-7.7,62.5,0,70.6,42.8
F0487,LOM,12,8,-4,-33.3,88.9,0,78.0,24.9
S0546,TOS,10,13,3,30.0,46.2,13,53.4,9.7
C0162,LOM,1,1,0,0.0,0.0,0,25.0,89.0
O0049,VEN,1,2,1,100.0,0.0,0,84.0,4.0
S0190,ABR,10,20,10,100.0,30.8,20,72.0,18.4
S0282,VEN,1,18,17,1700.0,52.6,18,64.0,16.8
S0366,LAZ,3,24,21,700.0,92.3,24,66.5,11.9
S0150,SIC,6,7,1,16.7,33.3,7,65.4,22.7
S0680,SIC,4,20,16,400.0,76.9,20,60.8,21.1
S0244,MAR,4,2,-2,-50.0,100.0,2,61.0,13.5
S0196,PIE,5,1,-4,-80.0,0.0,1,70.0,19.0
S0059,CAB,6,8,2,33.3,0.0,8,65.2,23.5
S0713,MAR,6,6,0,0.0,50.0,6,58.7,19.7
F0675,LIG,3,19,16,533.3,84.6,0,56.4,4.1
C0719,LOM,5,8,3,60.0,50.0,0,21.0,4.1
S0234,SAR,1,15,14,1400.0,100.0,15,69.0,8.7
S0695,VEN,1,2,1,100.0,40.0,2,68.0,15.0
S0200,TOS,1,4,3,300.0,57.1,4,67.5,40.0
S0066,EMI,7,11,4,57.1,47.8,11,60.8,39.5
T0996,FIB,1,55,54,5400.0,0.0,0,78.0,2.0
S0376,CAM,7,2,-5,-71.4,25.0,2,81.5,43.5
C0503,LOM,1,4,3,300.0,33.3,0,18.8,1.8
O0006,LAZ,2,36,34,1700.0,28.9,0,80.8,11.1
S0220,TRT,2,6,4,200.0,66.7,6,65.8,11.5
S0044,SAR,2,13,11,550.0,83.3,13,68.2,7.4
S0114,EMI,1,10,9,900.0,83.3,10,68.5,8.0
S0024,PIE,4,23,19,475.0,82.4,23,61.7,55.0
S0482,LOM,1,10,9,900.0,53.8,10,66.5,20.8
O0052,LAZ,4,1,-3,-75.0,0.0,0,86.0,1.0
S0443,UMB,4,6,2,50.0,66.7,6,54.0,10.7
S0160,TOS,2,12,10,500.0,66.7,12,59.3,26.2
S0635,PIE,2,19,17,850.0,47.8,19,63.9,59.2
F0401,LAZ,1,20,19,1900.0,83.3,0,69.7,33.6
S0270,TRT,1,1,0,0.0,0.0,1,72.0,1.0
F0760,CAM,0,12,12,100.0,75.0,0,62.8,63.5
F0768,LOM,0,65,65,100.0,84.0,0,75.4,30.8
F0763,VEN,0,61,61,100.0,83.6,0,80.8,50.9
S0280,LOM,0,11,11,100.0,33.3,11,59.9,13.6
S0762,ABR,0,8,8,100.0,60.0,8,70.5,23.1
S0142,MAR,0,8,8,100.0,100.0,8,68.6,17.9
C0168,PIE,0,5,5,100.0,0.0,0,19.4,3.2
C0680,SIC,0,10,10,100.0,87.5,0,17.8,3.1
S0343,LOM,0,21,21,100.0,78.6,21,65.9,11.3
S0768,LOM,0,4,4,100.0,100.0,4,66.5,15.2
I0890,LOM,0,2,2,100.0,0.0,0,15.0,1.0
C0322,LOM,0,9,9,100.0,50.0,0,15.7,2.6
F0769,CAM,0,50,50,100.0,69.2,0,71.1,50.9
S0744,VEN,0,7,7,100.0,50.0,7,65.1,11.0
C0766,MAR,0,13,13,100.0,46.7,0,11.8,20.6
S0136,TOS,0,21,21,100.0,35.7,21,65.5,21.5
S0345,TOS,0,4,4,100.0,0.0,4,53.0,8.2
S0747,MAR,0,5,5,100.0,0.0,5,70.0,11.4
C0178,SIC,0,4,4,100.0,100.0,0,18.8,25.5
C0624,EMI,0,4,4,100.0,100.0,0,19.5,12.0
C0409,PIE,0,2,2,100.0,100.0,0,19.0,1.5
S0407,CAB,0,5,5,100.0,100.0,5,62.6,27.2
S0699,CAM,0,8,8,100.0,83.3,8,67.5,18.2
C0266,PIE,0,4,4,100.0,80.0,0,17.5,10.2
S0479,VEN,0,4,4,100.0,100.0,4,71.2,2.2
S0737,LOM,0,31,31,100.0,60.0,31,64.5,7.6
S0766,MAR,0,6,6,100.0,40.0,6,59.7,37.2
C0080,LOM,0,3,3,100.0,42.9,0,17.3,4.0
S0091,PUG,0,12,12,100.0,50.0,12,62.0,10.6
S0758,VEN,0,1,1,100.0,0.0,1,70.0,13.0
F0775,FRI,0,32,32,100.0,87.9,0,76.8,57.0
F0777,LAZ,0,34,34,100.0,86.5,0,79.2,53.6
C0444,SIC,0,2,2,100.0,0.0,0,12.5,2.5
F0773,UMB,0,18,18,100.0,65.0,0,66.1,19.4
S0738,LOM,0,1,1,100.0,0.0,1,65.0,1.0
F0772,LOM,0,1,1,100.0,100.0,0,60.0,49.0
F0766,MAR,0,25,25,100.0,57.1,0,52.8,35.0
S0232,VEN,0,1,1,100.0,50.0,1,41.0,1.0
F0776,CAM,0,8,8,100.0,100.0,0,78.4,6.6
S0272,VEN,0,4,4,100.0,0.0,4,56.5,2.5
S0344,PUG,0,5,5,100.0,40.0,5,66.2,12.6
S0236,EMI,0,8,8,100.0,80.0,8,59.1,8.5
I1026,ABR,0,2,2,100.0,0.0,0,11.0,3.0
S0611,PUG,0,8,8,100.0,0.0,8,68.8,28.0
S0401,LAZ,0,5,5,100.0,0.0,5,71.0,3.4
F0774,LAZ,0,3,3,100.0,33.3,0,46.7,62.3
F0759,LOM,0,1,1,100.0,0.0,0,28.0,1.0
F0738,LOM,0,51,51,100.0,86.5,0,74.4,33.6
S0763,VEN,0,1,1,100.0,50.0,1,70.0,3.0
S0773,UMB,0,6,6,100.0,28.6,6,61.3,21.3
S0778,PUG,0,22,22,100.0,85.7,22,64.8,6.6
F0778,PUG,0,21,21,100.0,84.2,0,68.8,42.3
S0219,LAZ,0,16,16,100.0,88.9,16,66.9,14.6
S0769,CAM,0,17,17,100.0,13.3,17,67.6,5.5
C0769,CAM,0,1,1,100.0,0.0,0,22.0,2.0
F0783,LAZ,0,30,30,100.0,45.9,0,79.3,59.1
F0786,LOM,0,32,32,100.0,80.0,0,67.3,37.6
F0781,ABR,0,16,16,100.0,78.6,0,69.1,23.3
S0786,LOM,0,17,17,100.0,62.5,17,67.5,11.2
F0787,LAZ,0,261,261,100.0,65.3,0,71.9,54.3
F0784,FRI,0,26,26,100.0,79.3,0,73.6,40.8
F0789,LAZ,0,215,215,100.0,72.6,0,75.3,47.1
F0793,LAZ,0,79,79,100.0,78.8,0,77.6,48.0
S0789,LAZ,0,17,17,100.0,27.8,17,69.9,16.8
S0074,LAZ,0,4,4,100.0,50.0,4,66.2,36.5
S0637,LAZ,0,3,3,100.0,25.0,3,77.3,9.7
S0120,PIE,0,6,6,100.0,33.3,6,67.0,8.2
S0116,LIG,0,4,4,100.0,50.0,4,71.5,6.8
S0276,FRI,0,22,22,100.0,42.9,22,61.1,7.1
S0672,LOM,0,15,15,100.0,23.5,15,64.4,1.3
F0792,LAZ,0,2,2,100.0,9.5,0,80.0,4.0
S0787,LAZ,0,40,40,100.0,41.5,40,64.4,8.3
S0132,LOM,0,14,14,100.0,80.0,14,67.7,21.4
F0795,CAM,0,23,23,100.0,88.0,0,75.3,74.5
F0791,LAZ,0,23,23,100.0,90.0,0,73.8,52.1
S0715,LOM,0,13,13,100.0,64.3,13,68.1,3.5
S0796,LAZ,0,9,9,100.0,42.1,9,69.8,53.6
S0781,ABR,0,5,5,100.0,50.0,5,69.0,18.6
F0796,LAZ,0,86,86,100.0,68.1,0,69.1,67.0
S0793,LAZ,0,45,45,100.0,72.4,45,65.5,55.2
S0646,LIG,0,13,13,100.0,43.8,13,62.7,2.5
S0791,LAZ,0,6,6,100.0,50.0,6,69.8,13.7
C0158,EMI,0,2,2,100.0,0.0,0,20.0,3.0
F0797,LAZ,0,48,48,100.0,95.2,0,76.4,23.9
S0673,LAZ,0,4,4,100.0,0.0,4,74.5,32.0
C0695,VEN,0,10,10,100.0,64.3,0,17.7,7.1
F0805,LAZ,0,50,50,100.0,100.0,0,74.1,55.1
S0508,PIE,0,2,2,100.0,100.0,2,62.5,13.0
F0806,LAZ,0,20,20,100.0,73.7,0,74.0,13.0
C0787,LAZ,0,1,1,100.0,100.0,0,23.0,3.0
I1084,SIC,0,1,1,100.0,0.0,0,17.0,2.0
F0798,LAZ,0,16,16,100.0,85.7,0,76.8,36.3
T0409,FIB,0,11,11,100.0,0.0,0,38.8,1.3
I1097,VEN,0,1,1,100.0,0.0,0,12.0,2.0
C0024,PIE,0,2,2,100.0,66.7,0,12.5,10.5
I1059,LOM,0,2,2,100.0,100.0,0,12.0,1.0
F0810,PUG,0,47,47,100.0,0.0,0,71.5,26.6
S0808,LAZ,0,13,13,100.0,0.0,13,71.3,14.0
F0809,EMI,0,9,9,100.0,0.0,0,43.3,37.7
S0807,CAB,0,25,25,100.0,0.0,25,58.0,18.9
S0810,PUG,0,33,33,100.0,0.0,33,66.0,9.3
S0079,LOM,0,6,6,100.0,0.0,6,66.3,3.3
S0409,PIE,0,19,19,100.0,0.0,19,66.6,35.6
S0666,PIE,0,3,3,100.0,0.0,3,65.7,9.3
O0057,FRI,0,8,8,100.0,0.0,0,82.1,10.2
C0282,VEN,0,1,1,100.0,0.0,0,25.0,1.0
F0814,SIC,0,7,7,100.0,0.0,0,73.0,82.3
F0808,LAZ,0,21,21,100.0,0.0,0,73.0,13.7
S0795,CAM,0,1,1,100.0,0.0,1,82.0,3.0
F0807,CAB,0,17,17,100.0,0.0,0,65.2,32.2
I1120,MAR,0,6,6,100.0,0.0,0,17.3,1.3
S0797,LAZ,0,1,1,100.0,0.0,1,68.0,7.0
S0333,TOS,0,1,1,100.0,0.0,1,,1.0
S0805,LAZ,0,6,6,100.0,0.0,6,64.8,8.5
C0807,CAB,0,1,1,100.0,0.0,0,23.0,13.0
I1129,LOM,0,1,1,100.0,0.0,0,11.0,1.0
F.I.G.B.                    ,N/A,0,1,1,100.0,0.0,0,,0.0
S0449,LOM,0,2,2,100.0,0.0,2,61.0,4.0
S0632,EMI,0,2,2,100.0,0.0,2,71.0,1.0
F0813,SIC,0,4,4,100.0,0.0,0,57.5,109.8
I1119,LOM,0,1,1,100.0,0.0,0,9.0,2.0
I1114,SAR,0,1,1,100.0,0.0,0,13.0,1.0
C0810,PUG,0,1,1,100.0,0.0,0,22.0,3.0
C0022,VEN,0,4,4,100.0,0.0,0,18.2,1.5
I1128,LAZ,0,1,1,100.0,0.0,0,17.0,1.0
C0449,LOM,0,1,1,100.0,0.0,0,24.0,2.0
C0079,LOM,0,1,1,100.0,0.0,0,25.0,8.0
S0173,VEN,0,1,1,100.0,0.0,1,68.0,46.0
C0595,CAM,0,2,2,100.0,0.0,0,23.0,4.5
I1124,LAZ,0,1,1,100.0,0.0,0,17.0,1.0
C0559,PUG,0,1,1,100.0,0.0,0,18.0,8.0
I1110,PUG,0,1,1,100.0,0.0,0,18.0,2.0
I1126,TOS,0,1,1,100.0,0.0,0,18.0,1.0
I1103,LAZ,0,1,1,100.0,0.0,0,17.0,6.0
